# {"t_start": 1593910430.2911613, "env_id": "MultiAgent-v0"} 
r,l,t,r0,r1,r2,r3,r4,r5
-105.78106727004567,100,7.237072,22.0,0.0,0.0,0.0,-90.9135344031409,-36.86753286690477
-127.04243676227823,100,11.392452,20.0,0.0,0.0,0.0,-52.57220238324595,-94.47023437903228
-83.82838683938367,100,15.365967,0.0,0.0,0.0,0.0,-35.85191579004426,-47.97647104933941
-16.103667194990244,100,19.251533,8.0,0.0,0.0,0.0,-16.055894544687806,-8.047772650302436
-35.93474678631803,100,23.104307,0.0,0.0,0.0,0.0,-15.718001647308158,-20.21674513900987
-88.0711491133735,100,27.018739,-14.0,0.0,0.0,0.0,-61.320379892682176,-12.75076922069131
-85.3435243946074,100,30.989092,30.0,0.0,0.0,0.0,-70.35814011339106,-44.98538428121634
-174.69654693560085,100,34.812499,6.0,0.0,0.0,0.0,-81.74505580002774,-98.95149113557312
-140.89150041013093,100,38.866778,12.0,0.0,0.0,0.0,-78.52605503234439,-74.36544537778654
-138.92483853969992,100,42.766721,52.0,0.0,0.0,0.0,-83.26279037671696,-107.66204816298296
-50.14724300671949,100,46.67724,-18.0,0.0,0.0,0.0,-15.763980603432458,-16.38326240328703
-128.9759975582507,100,50.55399,32.0,0.0,0.0,0.0,-72.08453030946775,-88.89146724878293
-56.94569207572379,100,54.556486,0.0,0.0,0.0,0.0,-50.51973622119841,-6.425955854525386
-164.15600847153922,100,58.484146,28.0,0.0,0.0,0.0,-136.07014029673462,-56.08586817480462
-77.84015424272084,100,62.545657,-6.0,0.0,0.0,0.0,-44.772740311572676,-27.06741393114817
-125.27701451425189,100,66.584179,28.0,0.0,0.0,0.0,-71.0817974677107,-82.19521704654119
-18.914969204888074,100,70.552245,6.0,0.0,0.0,0.0,-7.356398598395997,-17.558570606492076
-118.94339338583532,100,74.542701,0.0,0.0,0.0,0.0,-72.25179206918666,-46.69160131664865
-142.61292629049606,100,78.465614,16.0,0.0,0.0,0.0,-74.87027560877758,-83.74265068171849
-63.43381258757105,100,82.489313,-24.0,0.0,0.0,0.0,-20.184539763458183,-19.249272824112865
-20.433641371604484,100,123.758603,-8.0,0.0,0.0,0.0,-2.992021098143222,-9.441620273461261
-57.70816659161268,100,127.672673,8.0,0.0,0.0,0.0,-43.307434297783935,-22.40073229382875
-69.7375359865853,100,131.604805,40.0,0.0,0.0,0.0,-6.4783300008699705,-103.25920598571533
-77.36860724331481,100,135.722111,40.0,0.0,0.0,0.0,-87.76709709968475,-29.601510143630072
-36.72932637550382,100,139.742328,12.0,0.0,0.0,0.0,-22.889347988484502,-25.83997838701931
-33.99524991518649,100,143.65902,-4.0,0.0,0.0,0.0,-3.244251695601576,-26.75099821958492
-23.423139587495537,100,147.661265,4.0,0.0,0.0,0.0,-21.70617811713799,-5.716961470357545
-28.32962168879697,100,151.595842,-6.0,0.0,0.0,0.0,-8.255236588579727,-14.074385100217244
-24.80783403832093,100,155.447573,18.0,0.0,0.0,0.0,-35.491802837674506,-7.316031200646424
-73.45681995760597,100,159.453014,-10.0,0.0,0.0,0.0,-15.939974674074673,-47.5168452835313
-12.70296466328837,100,163.490813,4.0,0.0,0.0,0.0,-6.602608844395761,-10.100355818892607
-16.18898812058373,100,167.559191,0.0,0.0,0.0,0.0,-6.083608555714849,-10.10537956486888
-28.480021050255967,100,171.439721,-4.0,0.0,0.0,0.0,-22.580353623163898,-1.8996674270920697
-15.612910554189426,100,175.463138,4.0,0.0,0.0,0.0,-9.704035205548536,-9.90887534864089
-51.16016291574783,100,179.563667,22.0,0.0,0.0,0.0,-72.14303938999122,-1.0171235257566131
-32.98165659956308,100,183.780758,14.0,0.0,0.0,0.0,-10.51693260079325,-36.46472399876983
-18.521153888760878,100,187.752491,26.0,0.0,0.0,0.0,-30.51986336017694,-14.001290528583938
-58.45368570987823,100,191.635324,0.0,0.0,0.0,0.0,-48.42001882199699,-10.033666887881243
-76.63359274195838,100,195.579135,32.0,0.0,0.0,0.0,-14.279066527390544,-94.35452621456784
-23.333783423702084,100,199.431054,8.0,0.0,0.0,0.0,-26.347518989523063,-4.986264434179019
-15.260490650012045,100,234.232389,8.0,0.0,0.0,0.0,-15.870055639607076,-7.39043501040497
-21.25898082787867,100,238.084888,-16.0,0.0,0.0,0.0,-4.524690216374551,-0.7342906115041192
-15.09579475836452,100,241.995456,0.0,0.0,0.0,0.0,-7.348877686096576,-7.746917072267943
-11.609450950334411,100,246.091788,10.0,0.0,0.0,0.0,-7.845309391166078,-13.764141559168333
-11.926901821952654,100,250.070035,6.0,0.0,0.0,0.0,-11.884550596460898,-6.042351225491756
-18.838004066554,100,254.001988,0.0,0.0,0.0,0.0,-6.912357129595208,-11.92564693695879
-11.733891049734723,100,258.103009,18.0,0.0,0.0,0.0,-23.580765462125896,-6.153125587608827
-10.417126111108592,100,262.084736,0.0,0.0,0.0,0.0,-6.397558013715727,-4.019568097392865
-9.964616670578955,100,266.153576,6.0,0.0,0.0,0.0,-6.907605280188396,-9.05701139039056
-11.6658018696669,100,270.185487,8.0,0.0,0.0,0.0,-4.807712588493252,-14.85808928117365
-34.008053709065535,100,274.029952,-28.0,0.0,0.0,0.0,4.195856356005087,-10.203910065070627
-7.768544038799362,100,277.927679,0.0,0.0,0.0,0.0,-4.552677476634772,-3.2158665621645905
-10.467610991653022,100,281.801369,0.0,0.0,0.0,0.0,-4.636296677077322,-5.8313143145757005
-43.13695653465362,100,285.80527,-12.0,0.0,0.0,0.0,-12.134031951056304,-19.002924583597316
-11.954260838068354,100,289.809353,0.0,0.0,0.0,0.0,-6.726904515685832,-5.227356322382521
-15.421059005096005,100,293.857223,10.0,0.0,0.0,0.0,-6.124777205822291,-19.296281799273714
-9.006326162521983,100,297.867881,4.0,0.0,0.0,0.0,-4.832892593654208,-8.173433568867775
-21.51401974689108,100,301.83455,-8.0,0.0,0.0,0.0,-6.222014356750979,-7.292005390140102
-28.176915829475913,100,305.773225,0.0,0.0,0.0,0.0,-7.088626561709486,-21.088289267766427
-40.23669663453581,100,309.697995,10.0,0.0,0.0,0.0,-30.82885613566459,-19.40784049887122
-40.627526197167704,100,346.112914,-16.0,0.0,0.0,0.0,-8.772052996440667,-15.855473200727035
-29.402340240229176,100,350.22577,-32.0,0.0,0.0,0.0,5.2969686664369116,-2.699308906666085
-20.862613360729895,100,354.130822,-6.0,0.0,0.0,0.0,-11.189938556199197,-3.6726748045307023
-9.535978292174956,100,358.188307,0.0,0.0,0.0,0.0,-5.1478999853841305,-4.388078306790825
-75.21169644564944,100,362.096832,-76.0,0.0,0.0,0.0,-1.3639853427031512,2.1522888970537113
-16.495794607507825,100,366.326971,0.0,0.0,0.0,0.0,-7.41734427040566,-9.078450337102165
-17.704884309551954,100,370.365041,18.0,0.0,0.0,0.0,-18.845401128107866,-16.859483181444087
-13.214760221217734,100,374.489674,22.0,0.0,0.0,0.0,-18.436578982336535,-16.7781812388812
-16.66193655641107,100,378.522634,0.0,0.0,0.0,0.0,-8.768480509450885,-7.893456046960185
-14.814756564375902,100,382.609374,14.0,0.0,0.0,0.0,-16.73846765216048,-12.076288912215421
-16.114780575826924,100,386.610673,6.0,0.0,0.0,0.0,-12.08464021083218,-10.030140364994743
-9.964442043142576,100,390.699919,0.0,0.0,0.0,0.0,-4.6986459949469515,-5.265796048195625
-7.432121006413234,100,394.754535,0.0,0.0,0.0,0.0,-4.316831068865613,-3.1152899375476206
-12.342386221936685,100,398.878304,-4.0,0.0,0.0,0.0,-4.908735258763546,-3.4336509631731396
-39.795135759487216,100,402.877939,-42.0,0.0,0.0,0.0,4.120626473738431,-1.9157622332256519
-35.79026756245034,100,406.989527,-20.0,0.0,0.0,0.0,-10.193752516068733,-5.596515046381601
-13.640592154763755,100,411.172934,2.0,0.0,0.0,0.0,-6.9435231277866745,-8.697069026977081
-14.69196599954397,100,415.49947,2.0,0.0,0.0,0.0,-11.884086497853325,-4.807879501690647
-25.055048199948818,100,419.555228,-24.0,0.0,0.0,0.0,-1.3090561854521587,0.25400798550334425
-16.196990039748414,100,423.646668,-4.0,0.0,0.0,0.0,-6.958469392601676,-5.238520647146741
-5.95769087191947,100,458.975164,0.0,0.0,0.0,0.0,-3.2058505372313606,-2.7518403346881097
-13.863090480480977,100,462.928618,-6.0,0.0,0.0,0.0,-1.687848696316583,-6.175241784164394
-41.36127175489449,100,467.069573,-42.0,0.0,0.0,0.0,0.025995287845393115,0.6127329572601181
-15.098517475904586,100,471.099622,-6.0,0.0,0.0,0.0,-3.9189690144983858,-5.179548461406201
-18.84212978052397,100,475.026353,10.0,0.0,0.0,0.0,-19.59859260020208,-9.243537180321892
-28.501959139690317,100,478.899212,-26.0,0.0,0.0,0.0,3.8638517462584625,-6.365810885948779
-12.758024413559552,100,483.045478,12.0,0.0,0.0,0.0,-12.477752404439105,-12.280272009120447
-19.628057971479702,100,486.941079,-8.0,0.0,0.0,0.0,-6.436923126517839,-5.191134844961862
-71.66911390413283,100,491.037708,-78.0,0.0,0.0,0.0,10.452425566728715,-4.121539470861552
-12.63339569720981,100,495.122312,0.0,0.0,0.0,0.0,-5.521832155201202,-7.111563542008607
-15.616803475050581,100,499.118576,6.0,0.0,0.0,0.0,-7.394620549254005,-14.222182925796576
-7.503012815505066,100,503.197309,2.0,0.0,0.0,0.0,-6.04296212294147,-3.460050692563597
-11.620205548553306,100,507.183562,16.0,0.0,0.0,0.0,-9.27168191369409,-18.348523634859216
-14.069183700237923,100,511.208368,14.0,0.0,0.0,0.0,-19.481555874830455,-8.587627825407468
-16.498725568588227,100,515.232761,6.0,0.0,0.0,0.0,-12.466649344940183,-10.032076223648044
-72.90951209928417,100,519.324359,-84.0,0.0,0.0,0.0,1.7985945220036383,9.291893378712182
-13.23997503452053,100,523.338846,0.0,0.0,0.0,0.0,-6.303226082370806,-6.936748952149725
-23.139757642939283,100,527.39354,-24.0,0.0,0.0,0.0,2.6908827340430657,-1.8306403769823485
-12.488435036459666,100,531.251888,16.0,0.0,0.0,0.0,-12.643371368741551,-15.845063667718115
-27.12263448269457,100,535.171824,10.0,0.0,0.0,0.0,-12.379902399227582,-24.742732083466986
-9.041357226675842,100,570.045013,0.0,0.0,0.0,0.0,-4.353686642524901,-4.687670584150942
-8.240170663580693,100,574.228939,14.0,0.0,0.0,0.0,-10.519907518584606,-11.720263144996087
-12.436907404517928,100,578.142316,26.0,0.0,0.0,0.0,-28.00827050391954,-10.428636900598388
-59.57192268276008,100,582.114765,-70.0,0.0,0.0,0.0,7.5751670796219805,2.852910237617942
-11.775027719852755,100,585.924024,2.0,0.0,0.0,0.0,-5.131638499323189,-8.643389220529565
-14.347386196312522,100,589.871577,14.0,0.0,0.0,0.0,-14.557417375729523,-13.789968820582999
-18.895469889734628,100,593.811913,-16.0,0.0,0.0,0.0,-4.179575879286698,1.2841059895520723
-12.296301097851348,100,597.765587,12.0,0.0,0.0,0.0,-10.929354590155073,-13.366946507696275
-11.484094771226989,100,601.781101,8.0,0.0,0.0,0.0,-14.307120059804285,-5.176974711422703
-70.58016112724482,100,605.901574,-86.0,0.0,0.0,0.0,7.712322203299008,7.707516669456168
-13.113209829050325,100,609.938743,28.0,0.0,0.0,0.0,-13.883454240120782,-27.229755588929542
-15.411498067159897,100,613.976839,0.0,0.0,0.0,0.0,-8.451382437434395,-6.960115629725501
-26.78276339476631,100,618.180073,-8.0,0.0,0.0,0.0,-19.111868748337947,0.32910535357163834
-13.106904607627367,100,622.322075,10.0,0.0,0.0,0.0,-16.54547997571338,-6.561424631913986
-12.670001567446118,100,626.319956,-6.0,0.0,0.0,0.0,-0.9506119528274676,-5.719389614618651
-15.102764254168228,100,630.404984,-2.0,0.0,0.0,0.0,-6.676786837291936,-6.425977416876294
-18.579504593032382,100,634.399279,6.0,0.0,0.0,0.0,-14.03450075960476,-10.545003833427621
-13.221587841027178,100,638.459835,18.0,0.0,0.0,0.0,-8.903283709268356,-22.318304131758822
-18.636244774004155,100,642.519185,-10.0,0.0,0.0,0.0,-1.97145057307792,-6.664794200926233
-16.60507901866064,100,646.507035,12.0,0.0,0.0,0.0,-14.109902374663537,-14.495176643997103
-11.533475405366584,100,681.057745,38.0,0.0,0.0,0.0,-32.543328430902136,-16.990146974464448
-11.123099872060608,100,685.09207,2.0,0.0,0.0,0.0,-6.601947158111862,-6.521152713948746
-10.192843965742409,100,689.110945,10.0,0.0,0.0,0.0,-12.774689428897071,-7.4181545368453365
-6.517609210667705,100,693.238222,6.0,0.0,0.0,0.0,-4.753940419369922,-7.763668791297783
-12.114186955152752,100,697.15468,12.0,0.0,0.0,0.0,-8.201797095063288,-15.912389860089464
-8.550833690272942,100,701.089486,16.0,0.0,0.0,0.0,-4.444550059717682,-20.10628363055526
-61.81433577296181,100,705.219071,2.0,0.0,0.0,0.0,-8.751730501326032,-55.06260527163578
-33.11230485126472,100,709.124609,-16.0,0.0,0.0,0.0,-5.587522979959493,-11.524781871305223
-9.315623808128064,100,713.216562,0.0,0.0,0.0,0.0,-4.904732312329512,-4.410891495798553
-10.392652994958214,100,717.293359,12.0,0.0,0.0,0.0,-14.382578671339177,-8.010074323619037
-13.874412043802673,100,721.305615,18.0,0.0,0.0,0.0,-16.028682464335557,-15.845729579467116
-10.201405183795616,100,725.311329,0.0,0.0,0.0,0.0,-6.355705601352756,-3.84569958244286
-26.93376688870609,100,729.459091,-2.0,0.0,0.0,0.0,-18.57290587799704,-6.360861010709048
-10.072131491609113,100,733.506732,8.0,0.0,0.0,0.0,-7.181761795911874,-10.890369695697238
-29.463370033345882,100,737.459411,-32.0,0.0,0.0,0.0,1.1539812077195852,1.3826487589345335
-18.23216588448088,100,741.448181,36.0,0.0,0.0,0.0,-21.307298827305278,-32.924867057175604
-17.10732697766616,100,745.493761,0.0,0.0,0.0,0.0,-9.410031062504125,-7.697295915162035
-7.6682179482034805,100,749.541938,26.0,0.0,0.0,0.0,-11.67658110949196,-21.99163683871152
-40.946349787511444,100,753.556161,-26.0,0.0,0.0,0.0,-7.690474597032066,-7.255875190479379
-22.05507055861881,100,757.529548,2.0,0.0,0.0,0.0,-12.266441769998773,-11.788628788620034
-10.33963807081723,100,792.710013,0.0,0.0,0.0,0.0,-5.128678737604937,-5.210959333212293
-14.876075603578432,100,796.717975,4.0,0.0,0.0,0.0,-8.369442426994588,-10.506633176583843
-39.503201627213556,100,800.644531,-16.0,0.0,0.0,0.0,-12.032587923051139,-11.470613704162417
-16.213185246811555,100,804.607101,10.0,0.0,0.0,0.0,-16.339913692230603,-9.873271554580953
-8.734866061336827,100,808.54385,26.0,0.0,0.0,0.0,-24.202081867508063,-10.532784193828764
-14.608447245129973,100,812.497151,2.0,0.0,0.0,0.0,-9.492836984130934,-7.115610260999039
-14.289782362882397,100,816.439446,0.0,0.0,0.0,0.0,-7.331590167334016,-6.9581921955483805
-10.280534972638858,100,820.475002,6.0,0.0,0.0,0.0,-7.1550335303965165,-9.125501442242342
-11.834807006125722,100,824.442394,12.0,0.0,0.0,0.0,-5.681355529271237,-18.153451476854485
-12.63465455448238,100,828.40814,14.0,0.0,0.0,0.0,-15.685228856921249,-10.94942569756113
-10.287598394705867,100,832.521495,0.0,0.0,0.0,0.0,-4.115446078258585,-6.172152316447282
-16.86755643639754,100,836.483291,-12.0,0.0,0.0,0.0,-4.080320947180677,-0.7872354892168629
-17.813630257670518,100,840.656339,-10.0,0.0,0.0,0.0,-5.153550587756093,-2.6600796699144222
-12.896890730691,100,844.688323,2.0,0.0,0.0,0.0,-5.381964192397536,-9.514926538293464
-50.47071349780887,100,848.666356,-40.0,0.0,0.0,0.0,-19.326576191467492,8.85586269365862
-14.040765008444048,100,852.661743,0.0,0.0,0.0,0.0,-6.519834980235941,-7.520930028208107
-9.86680673796163,100,856.712272,0.0,0.0,0.0,0.0,-4.775308963656904,-5.091497774304726
-27.301149304432997,100,860.72298,-22.0,0.0,0.0,0.0,0.5110544761449494,-5.812203780577946
-12.199237546710112,100,864.746032,4.0,0.0,0.0,0.0,-8.518409551621344,-7.680827995088767
-9.789070593651624,100,868.874501,20.0,0.0,0.0,0.0,-8.579241281790276,-21.20982931186135
-15.657373009240738,100,904.999231,8.0,0.0,0.0,0.0,-11.689997888211334,-11.967375121029404
-15.27370414994724,100,909.043757,-8.0,0.0,0.0,0.0,-4.550663833132731,-2.7230403168145103
-55.60959174180178,100,913.113842,-68.0,0.0,0.0,0.0,5.566301471019475,6.824106787178747
-38.031119529828125,100,917.132589,-44.0,0.0,0.0,0.0,-3.555482853884649,9.524363324056523
-12.187905240291155,100,921.234725,4.0,0.0,0.0,0.0,-9.346669006971641,-6.8412362333195125
-15.279058141800778,100,925.275208,36.0,0.0,0.0,0.0,-27.00153381786947,-24.27752432393131
-14.732522264110306,100,929.34072,16.0,0.0,0.0,0.0,-19.395790871438773,-11.336731392671533
-32.160451993108964,100,933.31775,-20.0,0.0,0.0,0.0,3.7946455433536896,-15.955097536462656
-9.869624465151475,100,937.277737,16.0,0.0,0.0,0.0,-18.749942103545816,-7.119682361605658
-15.277879057461753,100,941.393149,24.0,0.0,0.0,0.0,-17.517154398174814,-21.76072465928694
-13.105294755947124,100,945.428766,0.0,0.0,0.0,0.0,-6.524406964066998,-6.580887791880127
-9.695611016119555,100,949.546543,14.0,0.0,0.0,0.0,-10.421991063981807,-13.273619952137748
-5.994021563610292,100,953.645091,6.0,0.0,0.0,0.0,-4.688806756143329,-7.305214807466963
-59.43754315744533,100,957.761949,-66.0,0.0,0.0,0.0,-7.301876349818715,13.86433319237338
-11.889957260001866,100,961.899745,12.0,0.0,0.0,0.0,-10.623325302644632,-13.266631957357234
-34.537859549146496,100,965.79948,-36.0,0.0,0.0,0.0,-0.1375022330183588,1.5996426838718643
-10.894577819502672,100,969.942537,0.0,0.0,0.0,0.0,-5.049709732736368,-5.844868086766304
-7.202863410830268,100,973.976734,0.0,0.0,0.0,0.0,-3.388335194276173,-3.8145282165540952
-11.646626379203234,100,977.927521,4.0,0.0,0.0,0.0,-5.2189034377570955,-10.427722941446138
-15.01612479473885,100,981.950643,-2.0,0.0,0.0,0.0,-11.071287577263782,-1.9448372174750688
-9.388855211863138,100,1017.815127,12.0,0.0,0.0,0.0,-10.593470941545167,-10.795384270317971
-8.972218189996486,100,1021.895771,4.0,0.0,0.0,0.0,-8.666620387894106,-4.30559780210238
-12.567427853668146,100,1026.175377,18.0,0.0,0.0,0.0,-21.34418401873374,-9.223243834934408
-19.143404279401672,100,1030.403588,0.0,0.0,0.0,0.0,-12.174292089272289,-6.9691121901293815
-7.636790865628015,100,1034.383767,2.0,0.0,0.0,0.0,-3.045612908766613,-6.591177956861403
-7.810024565458411,100,1038.317765,20.0,0.0,0.0,0.0,-13.55722662843373,-14.252797937024681
-16.23919297223331,100,1042.307327,12.0,0.0,0.0,0.0,-15.447333333950743,-12.791859638282567
-20.108742199180696,100,1046.368076,-10.0,0.0,0.0,0.0,0.6825650218898816,-10.791307221070577
-10.921175374487637,100,1050.521429,14.0,0.0,0.0,0.0,-8.87826588785177,-16.042909486635867
-16.575067853093575,100,1054.516364,-14.0,0.0,0.0,0.0,-2.218523866699648,-0.356543986393927
-53.11256207549726,100,1058.497236,-48.0,0.0,0.0,0.0,-3.3124196261443672,-1.8001424493528915
-12.594275035146733,100,1062.531701,10.0,0.0,0.0,0.0,-10.429356645897856,-12.164918389248877
-10.637827327205098,100,1066.547412,0.0,0.0,0.0,0.0,-5.413213402049302,-5.224613925155795
-8.705864103762137,100,1070.666606,12.0,0.0,0.0,0.0,-13.796865593821343,-6.908998509940794
-10.758999238383948,100,1074.6265,10.0,0.0,0.0,0.0,-12.095447773145573,-8.663551465238376
-17.11170499656421,100,1078.575279,14.0,0.0,0.0,0.0,-12.84087059016709,-18.27083440639712
-35.48884297451393,100,1082.696007,-34.0,0.0,0.0,0.0,2.099188227363019,-3.5880312018769516
-84.99114154160759,100,1086.72202,-88.0,0.0,0.0,0.0,-3.6267325760270293,6.635591034419432
-37.72913921903917,100,1090.715665,4.0,0.0,0.0,0.0,-15.272901801524855,-26.456237417514316
-12.555726667848672,100,1094.67605,2.0,0.0,0.0,0.0,-6.812083654167514,-7.743643013681158
-9.146731938185034,100,1154.352869,12.0,0.0,0.0,0.0,-16.750678846307267,-4.396053091877767
-9.99314377490563,100,1158.400217,26.0,0.0,0.0,0.0,-18.398954952066052,-17.594188822839577
-11.007431978262142,100,1162.475849,0.0,0.0,0.0,0.0,-4.256677536550326,-6.750754441711816
-12.387050572550795,100,1166.360117,10.0,0.0,0.0,0.0,-15.024152351656996,-7.362898220893799
-6.936595872758922,100,1170.133321,38.0,0.0,0.0,0.0,-27.18550138674761,-17.75109448601131
-9.737120815865957,100,1173.748812,12.0,0.0,0.0,0.0,-13.283149546219041,-8.453971269646916
-13.37170434254298,100,1177.332898,4.0,0.0,0.0,0.0,-7.9980368652058145,-9.373667477337165
-8.909737841289449,100,1181.067443,2.0,0.0,0.0,0.0,-5.667608124759641,-5.242129716529806
-28.341491992843558,100,1184.789941,-8.0,0.0,0.0,0.0,-7.861194061740226,-12.480297931103335
-11.380725336132883,100,1188.355127,2.0,0.0,0.0,0.0,-2.4493654575328065,-10.931359878600077
-13.276029018255675,100,1191.985497,6.0,0.0,0.0,0.0,-10.721779762730794,-8.554249255524882
-22.515450282184485,100,1195.717114,12.0,0.0,0.0,0.0,-18.40027433515905,-16.115175947025435
-15.214735669993878,100,1199.451515,20.0,0.0,0.0,0.0,-7.4902966564914415,-27.724439013502437
-12.919068302898856,100,1203.268887,10.0,0.0,0.0,0.0,-8.0662459423658,-14.852822360533056
-9.116158417458289,100,1207.19431,14.0,0.0,0.0,0.0,-12.20339078858311,-10.912767628875178
-9.358181686170067,100,1210.956234,18.0,0.0,0.0,0.0,-10.98639915522331,-16.371782530946756
-12.388303943197101,100,1214.742639,14.0,0.0,0.0,0.0,-11.690012941809151,-14.69829100138795
-7.727457941183568,100,1218.628895,16.0,0.0,0.0,0.0,-11.033739382875986,-12.693718558307582
-20.88449579600217,100,1222.486723,-16.0,0.0,0.0,0.0,1.93566863237285,-6.820164428375022
-17.892261543858247,100,1226.334628,-8.0,0.0,0.0,0.0,-5.152289285314449,-4.7399722585437996
-10.826245365259673,100,1260.918069,0.0,0.0,0.0,0.0,-5.907256802922654,-4.91898856233702
-16.175704890991614,100,1264.805818,8.0,0.0,0.0,0.0,-14.222991441324943,-9.952713449666671
-33.370240142577785,100,1268.645661,-28.0,0.0,0.0,0.0,0.17749320299311136,-5.547733345570894
-21.74709977282364,100,1272.543974,-16.0,0.0,0.0,0.0,0.10887329461139796,-5.855973067435034
-10.008624780014731,100,1276.420968,0.0,0.0,0.0,0.0,-4.807144402560035,-5.201480377454697
-8.486697105551833,100,1280.137846,26.0,0.0,0.0,0.0,-20.9841156076996,-13.502581497852233
-26.98828482948,100,1283.986353,20.0,0.0,0.0,0.0,-28.533768038305034,-18.454516791174967
-11.186360722845556,100,1287.722564,14.0,0.0,0.0,0.0,-10.366931786917943,-14.819428935927613
-8.125833151776076,100,1291.395357,10.0,0.0,0.0,0.0,-12.434143567768986,-5.69168958400709
-18.633277935667845,100,1295.418086,4.0,0.0,0.0,0.0,-10.060544420217958,-12.572733515449887
-27.581205093614493,100,1299.304851,-12.0,0.0,0.0,0.0,-19.883992784060734,4.30278769044624
-24.633175993929576,100,1303.056372,-10.0,0.0,0.0,0.0,-12.033303682852294,-2.5998723110772843
-10.616438377356575,100,1306.767531,6.0,0.0,0.0,0.0,-9.355832460355733,-7.2606059170008415
-14.278723170936043,100,1310.4987,10.0,0.0,0.0,0.0,-7.419818260248097,-16.858904910687947
-16.23401743418972,100,1314.284486,0.0,0.0,0.0,0.0,-10.14588621723889,-6.08813121695083
-11.241573203278577,100,1318.065913,0.0,0.0,0.0,0.0,-4.5112292985393685,-6.730343904739209
-26.53233853336547,100,1321.926119,-24.0,0.0,0.0,0.0,3.154823259147776,-5.687161792513244
-49.73077666710696,100,1325.950808,-40.0,0.0,0.0,0.0,-6.674391092809646,-3.056385574297319
-19.606445489428733,100,1329.82756,26.0,0.0,0.0,0.0,-13.625568502684292,-31.98087698674444
-26.379769990472955,100,1333.598364,-28.0,0.0,0.0,0.0,-2.39018050278059,4.010410512307637
-12.756492488487458,100,1369.299902,2.0,0.0,0.0,0.0,-7.497811645580541,-7.258680842906918
-10.775398418208702,100,1373.020542,0.0,0.0,0.0,0.0,-6.993659156011171,-3.7817392621975308
-11.066321655893308,100,1377.001432,24.0,0.0,0.0,0.0,-14.96236394842493,-20.10395770746838
-8.089679081258298,100,1381.003269,6.0,0.0,0.0,0.0,-7.6423641647777565,-6.447314916480542
-34.266323123909665,100,1384.784324,-14.0,0.0,0.0,0.0,-5.767365982878637,-14.49895714103103
-7.808752946601562,100,1388.623545,18.0,0.0,0.0,0.0,-17.02740896057923,-8.781343986022332
-13.881376479700727,100,1392.269791,2.0,0.0,0.0,0.0,-6.626965751067768,-9.254410728632958
-11.947784476779002,100,1396.007983,30.0,0.0,0.0,0.0,-23.078405834209157,-18.869378642569846
-9.802285343966476,100,1399.79927,16.0,0.0,0.0,0.0,-15.409609974432486,-10.39267536953399
-15.534649422337608,100,1403.599548,8.0,0.0,0.0,0.0,-6.916454994815851,-16.618194427521757
-22.67235963852829,100,1407.389968,-8.0,0.0,0.0,0.0,-3.8783405326135645,-10.794019105914728
-11.862743093397743,100,1411.218937,6.0,0.0,0.0,0.0,-10.663975227687962,-7.1987678657097804
-38.30147200808329,100,1414.929893,-42.0,0.0,0.0,0.0,-0.06966634322261529,3.7681943351393286
-82.70597398612398,100,1418.767256,-82.0,0.0,0.0,0.0,17.24809912919965,-17.95407311532364
-14.476338108079442,100,1422.57966,30.0,0.0,0.0,0.0,-27.1026300689834,-17.37370803909604
-13.733414654622921,100,1426.428734,6.0,0.0,0.0,0.0,-9.370529015240157,-10.362885639382764
-10.237299156751302,100,1430.189917,2.0,0.0,0.0,0.0,-5.888018655888728,-6.349280500862574
-8.183101854716272,100,1433.990705,14.0,0.0,0.0,0.0,-11.746145746024636,-10.436956108691636
-21.933643930887,100,1437.83909,0.0,0.0,0.0,0.0,-11.320520097827409,-10.613123833059593
-9.524926673651814,100,1441.672559,-2.0,0.0,0.0,0.0,-3.565753284457141,-3.9591733891946728
-14.77052278561936,100,1475.97173,14.0,0.0,0.0,0.0,-20.6681417911548,-8.10238099446456
-19.74565667866578,100,1479.885397,-16.0,0.0,0.0,0.0,0.6771768790428198,-4.422833557708602
-20.25543548054187,100,1483.644762,-8.0,0.0,0.0,0.0,-4.748153443309245,-7.507282037232622
-51.7302795934699,100,1487.374196,-38.0,0.0,0.0,0.0,-0.6586635174963685,-13.071616075973534
-8.432465034141035,100,1491.183852,12.0,0.0,0.0,0.0,-12.519665808718484,-7.9127992254225505
-26.788001662052707,100,1494.845624,-12.0,0.0,0.0,0.0,0.5210598884084011,-15.30906155046111
-136.48558753200118,100,1498.573559,-118.0,0.0,0.0,0.0,-29.301700982787523,10.816113450786343
-14.801132441933206,100,1502.196112,20.0,0.0,0.0,0.0,-17.112832710020243,-17.688299731912963
-47.29459284429777,100,1505.970878,-44.0,0.0,0.0,0.0,-11.47920173837899,8.184608894081222
-34.03357110103005,100,1509.630252,-6.0,0.0,0.0,0.0,-16.706123120767963,-11.327447980262086
-11.93782640242522,100,1513.537975,12.0,0.0,0.0,0.0,-12.5762105694915,-11.361615832933719
-25.43226247239582,100,1517.232319,-6.0,0.0,0.0,0.0,-12.388469868739602,-7.043792603656216
-10.044696442256267,100,1520.91813,6.0,0.0,0.0,0.0,-6.9609480470279035,-9.083748395228364
-8.548464628128079,100,1524.65936,2.0,0.0,0.0,0.0,-5.966244479705783,-4.582220148422295
-55.8901094915889,100,1528.45317,-62.0,0.0,0.0,0.0,13.093053065679854,-6.983162557268758
-12.616296006672219,100,1532.119782,0.0,0.0,0.0,0.0,-6.552769998808734,-6.0635260078634845
-9.87317081770102,100,1535.826643,2.0,0.0,0.0,0.0,-7.684444781888695,-4.1887260358123255
-43.39734138191205,100,1539.825242,-36.0,0.0,0.0,0.0,-1.1760358290549522,-6.221305552857099
-12.998919376373577,100,1543.599989,18.0,0.0,0.0,0.0,-10.206458451437909,-20.792460924935668
-8.515204819169144,100,1547.468801,8.0,0.0,0.0,0.0,-12.715275798815258,-3.7999290203538867
-21.908222531080973,100,1582.186593,2.0,0.0,0.0,0.0,-11.73918641335203,-12.169036117728943
-11.43067598064937,100,1586.228815,18.0,0.0,0.0,0.0,-16.8065375530776,-12.62413842757177
-14.24800744311847,100,1590.059638,0.0,0.0,0.0,0.0,-5.580574777232137,-8.667432665886333
-7.735410347664301,100,1593.688757,4.0,0.0,0.0,0.0,-3.232902206542924,-8.502508141121377
-12.516803241798105,100,1597.281105,18.0,0.0,0.0,0.0,-9.336036133872433,-21.18076710792567
-11.414504925274525,100,1600.945669,24.0,0.0,0.0,0.0,-19.91309542409817,-15.501409501176354
-11.499062484790937,100,1604.626697,42.0,0.0,0.0,0.0,-19.181172389157748,-34.31789009563319
-49.9742119882226,100,1608.44994,-34.0,0.0,0.0,0.0,-7.529825550269994,-8.444386437952609
-11.53774591392331,100,1612.21143,12.0,0.0,0.0,0.0,-14.474375382342318,-9.063370531580992
-20.43838251871301,100,1615.970268,-14.0,0.0,0.0,0.0,-9.172984458499988,2.7346019397869803
-12.568207963222711,100,1619.617772,0.0,0.0,0.0,0.0,-5.391704565565636,-7.176503397657076
-17.22549249705358,100,1623.372112,8.0,0.0,0.0,0.0,-13.693209208494604,-11.532283288558975
-8.68830086783868,100,1627.086232,24.0,0.0,0.0,0.0,-20.838496507892522,-11.849804359946159
-10.181441917186596,100,1630.612975,2.0,0.0,0.0,0.0,-6.6306878433404774,-5.55075407384612
-9.20763177248842,100,1634.343908,4.0,0.0,0.0,0.0,-4.318514873544893,-8.889116898943527
-8.837625148459685,100,1637.903151,32.0,0.0,0.0,0.0,-25.151840426349402,-15.685784722110283
-7.6376451983125415,100,1641.689131,4.0,0.0,0.0,0.0,-8.934399201109686,-2.7032459972028553
-27.727235167144727,100,1645.308454,0.0,0.0,0.0,0.0,-24.70304220440979,-3.0241929627349347
-33.311743096554714,100,1648.924874,-28.0,0.0,0.0,0.0,-4.675072065790671,-0.6366710307640387
-6.299852651526299,100,1652.50515,0.0,0.0,0.0,0.0,-3.306314963716953,-2.9935376878093463
-11.313816223943391,100,1686.346931,0.0,0.0,0.0,0.0,-6.059795340285893,-5.254020883657497
-19.849031308608012,100,1690.166089,6.0,0.0,0.0,0.0,-9.429143398435437,-16.419887910172573
-67.31629432974297,100,1693.905749,-70.0,0.0,0.0,0.0,6.1012828985896155,-3.4175772283325845
-26.988035856255085,100,1697.503695,-20.0,0.0,0.0,0.0,0.6839607076802895,-7.671996563935373
-23.55096470731685,100,1701.323179,-8.0,0.0,0.0,0.0,-4.728756423281087,-10.822208284035762
-9.613869477102881,100,1705.198699,6.0,0.0,0.0,0.0,-8.53461067288204,-7.0792588042208395
-9.073661771957386,100,1708.878072,22.0,0.0,0.0,0.0,-12.576893835916657,-18.49676793604073
-22.25507182278061,100,1712.536925,-20.0,0.0,0.0,0.0,-1.4377511110900427,-0.8173207116905665
-16.445959922937988,100,1716.260347,-4.0,0.0,0.0,0.0,-4.063876364611683,-8.382083558326306
-11.347157275766289,100,1719.98543,36.0,0.0,0.0,0.0,-19.826917529758095,-27.520239746008194
-15.840510953542301,100,1723.693994,14.0,0.0,0.0,0.0,-15.764310262819755,-14.076200690722546
-13.623411292797277,100,1727.482416,4.0,0.0,0.0,0.0,-7.4054710894026154,-10.217940203394662
-12.881526700315364,100,1731.531442,10.0,0.0,0.0,0.0,-10.378338116361547,-12.503188583953817
-8.53928977660599,100,1735.306621,12.0,0.0,0.0,0.0,-4.61516851230082,-15.924121264305171
-12.931868516654033,100,1739.068318,26.0,0.0,0.0,0.0,-14.020532089264384,-24.91133642738965
-16.543829565338818,100,1742.867501,4.0,0.0,0.0,0.0,-12.331121246043367,-8.212708319295452
-8.744573744810602,100,1746.566202,6.0,0.0,0.0,0.0,-9.017220208797537,-5.727353536013065
-19.0330180915431,100,1750.151726,-8.0,0.0,0.0,0.0,-7.273772804872263,-3.7592452866708377
-11.407226471327375,100,1753.585378,0.0,0.0,0.0,0.0,-5.9898265523526435,-5.4173999189747315
-11.811200501563386,100,1756.983095,0.0,0.0,0.0,0.0,-3.191486509068326,-8.61971399249506
-27.666338342556237,100,1792.820155,6.0,0.0,0.0,0.0,-19.510054153889165,-14.156284188667072
-12.492267927907037,100,1796.584038,-2.0,0.0,0.0,0.0,-7.480652091914857,-3.0116158359921785
-28.87318096786648,100,1800.328003,-18.0,0.0,0.0,0.0,-4.397896099613447,-6.475284868253035
-8.244346528846963,100,1803.959366,6.0,0.0,0.0,0.0,-3.7147365028182264,-10.529610026028736
-8.636727931822671,100,1807.576347,14.0,0.0,0.0,0.0,-10.251510729437216,-12.385217202385455
-15.235125676319333,100,1811.303132,22.0,0.0,0.0,0.0,-21.678249176212883,-15.55687650010645
-24.219395043629614,100,1814.982748,40.0,0.0,0.0,0.0,-32.92127971212872,-31.29811533150089
-12.482512185792753,100,1818.692164,6.0,0.0,0.0,0.0,-9.650391841040316,-8.832120344752438
-9.846999894095248,100,1822.560021,18.0,0.0,0.0,0.0,-4.62434430088166,-23.222655593213588
-28.973652340227947,100,1826.424585,-12.0,0.0,0.0,0.0,-11.763634168760971,-5.210018171466973
-32.44362426124587,100,1830.303633,-24.0,0.0,0.0,0.0,-10.975564484545062,2.531940223299191
-23.614420329873894,100,1834.041618,-8.0,0.0,0.0,0.0,-10.578725862709295,-5.035694467164602
-9.427445114960893,100,1837.957754,10.0,0.0,0.0,0.0,-12.418093885817648,-7.009351229143245
-13.538670182227825,100,1841.789748,8.0,0.0,0.0,0.0,-14.616010502687466,-6.92265967954036
-13.683398085443507,100,1845.551224,14.0,0.0,0.0,0.0,-19.53283486166247,-8.150563223781038
-38.315265278577435,100,1849.227948,-44.0,0.0,0.0,0.0,-1.6110306947005673,7.295765416123133
-8.11009160140816,100,1852.88417,0.0,0.0,0.0,0.0,-4.588550103405048,-3.521541498003112
-43.15338231632122,100,1856.671048,-42.0,0.0,0.0,0.0,-6.316111872999925,5.162729556678703
-34.29310064400738,100,1860.404164,4.0,0.0,0.0,0.0,-26.828907261172585,-11.464193382834793
-7.396173551297916,100,1864.146071,12.0,0.0,0.0,0.0,-6.685281831523427,-12.710891719774489
-9.265832693206953,100,1898.910908,4.0,0.0,0.0,0.0,-5.478209934025829,-7.787622759181123
-15.438192040459285,100,1902.83666,64.0,0.0,0.0,0.0,-42.72441405949341,-36.71377798096587
-10.298555637280044,100,1906.763549,34.0,0.0,0.0,0.0,-29.522652146291534,-14.77590349098851
-12.114286017455097,100,1910.577562,14.0,0.0,0.0,0.0,-20.66718480346163,-5.447101213993466
-8.189185968818562,100,1914.345532,10.0,0.0,0.0,0.0,-7.923520062159605,-10.265665906658956
-10.201534693620886,100,1918.094242,34.0,0.0,0.0,0.0,-21.30523202938929,-22.896302664231595
-21.50546889705415,100,1922.089654,-10.0,0.0,0.0,0.0,-7.048926881017593,-4.456542016036557
-10.366255051224552,100,1926.0735,4.0,0.0,0.0,0.0,-9.528155597743194,-4.838099453481359
-11.33643143607922,100,1929.974888,8.0,0.0,0.0,0.0,-11.07927058617088,-8.25716084990834
-17.210009049876167,100,1933.744244,18.0,0.0,0.0,0.0,-14.61496279792416,-20.595046251952006
-12.364794431235826,100,1937.40344,28.0,0.0,0.0,0.0,-18.083371469844437,-22.28142296139139
-26.24939449136358,100,1941.122725,-28.0,0.0,0.0,0.0,2.6906483015139577,-0.940042792877537
-9.112866481476836,100,1945.015885,4.0,0.0,0.0,0.0,-6.096269117581023,-7.016597363895813
-14.668709017018738,100,1949.021142,-2.0,0.0,0.0,0.0,-4.752504283222177,-7.916204733796562
-47.67886658434798,100,1952.898196,-56.0,0.0,0.0,0.0,11.882098578544003,-3.560965162891983
-14.194916964788177,100,1956.734609,-8.0,0.0,0.0,0.0,-1.8578726296826595,-4.337044335105517
-11.999155170952836,100,1960.678924,6.0,0.0,0.0,0.0,-10.107233649161014,-7.891921521791823
-21.822479041616802,100,1964.595207,-12.0,0.0,0.0,0.0,-5.783385153682973,-4.039093887933832
-18.257331325605552,100,1968.353309,20.0,0.0,0.0,0.0,-12.894892980300835,-25.362438345304717
-9.69715677441609,100,1972.212778,14.0,0.0,0.0,0.0,-13.585245098210349,-10.111911676205741
-20.37977157735829,100,2007.197835,2.0,0.0,0.0,0.0,-9.937943885697807,-12.441827691660482
-11.166023344478901,100,2011.083494,40.0,0.0,0.0,0.0,-29.249835879968366,-21.916187464510536
-15.930017094461775,100,2015.079635,24.0,0.0,0.0,0.0,-20.020492097585777,-19.909524996875998
-31.408900032348967,100,2018.845896,-6.0,0.0,0.0,0.0,-12.271841208698223,-13.137058823650746
-21.370300548051688,100,2022.626454,24.0,0.0,0.0,0.0,-10.879892047116442,-34.490408500935246
-9.210389487411177,100,2026.363322,24.0,0.0,0.0,0.0,-21.162725680056756,-12.047663807354422
-14.896070949727331,100,2030.178914,6.0,0.0,0.0,0.0,-10.061872078167259,-10.834198871560073
-32.93994054731533,100,2033.982925,-16.0,0.0,0.0,0.0,-6.9263978064269445,-10.013542740888385
-23.203022602741125,100,2037.718903,-18.0,0.0,0.0,0.0,-4.379727108768554,-0.8232954939725685
-10.229476903378895,100,2041.515454,0.0,0.0,0.0,0.0,-5.073259756815809,-5.156217146563086
-12.88298880251875,100,2045.459459,8.0,0.0,0.0,0.0,-4.86445630870729,-16.01853249381146
-27.32402544163547,100,2049.276302,-10.0,0.0,0.0,0.0,-12.619499166027865,-4.704526275607604
-10.23739987104075,100,2053.027814,10.0,0.0,0.0,0.0,-11.4131107842409,-8.824289086799851
-15.805634943374626,100,2056.790152,-4.0,0.0,0.0,0.0,-9.538797724609248,-2.2668372187653776
-8.790315788600514,100,2060.541106,10.0,0.0,0.0,0.0,-12.007358428086343,-6.782957360514171
-13.268634927418832,100,2064.213853,4.0,0.0,0.0,0.0,-5.9477883077765785,-11.320846619642253
-10.641598570488997,100,2068.155831,20.0,0.0,0.0,0.0,-14.705201494138745,-15.936397076350252
-12.443110839497116,100,2071.855994,0.0,0.0,0.0,0.0,-8.415184469973807,-4.027926369523309
-13.600657636395907,100,2075.687687,16.0,0.0,0.0,0.0,-16.188018379448245,-13.412639256947662
-9.954921111439239,100,2079.410616,24.0,0.0,0.0,0.0,-14.135121072175343,-19.819800039263896
-16.135452961846404,100,2114.323217,40.0,0.0,0.0,0.0,-27.974304307989165,-28.16114865385724
-34.88959260649461,100,2118.32971,0.0,0.0,0.0,0.0,-27.58425816307088,-7.305334443423726
-11.868149810656213,100,2122.224958,0.0,0.0,0.0,0.0,-5.122001881727496,-6.746147928928717
-44.93446114445049,100,2126.022569,-52.0,0.0,0.0,0.0,10.261456189940105,-3.195917334390591
-10.738251905081727,100,2129.966214,18.0,0.0,0.0,0.0,-11.146784812773403,-17.591467092308324
-24.084305462404703,100,2133.962044,-16.0,0.0,0.0,0.0,-0.8592382117801691,-7.225067250624534
-11.52031291644733,100,2137.851956,14.0,0.0,0.0,0.0,-5.312398938243954,-20.207913978203376
-36.14467199071736,100,2141.90378,-30.0,0.0,0.0,0.0,-6.306942151734822,0.1622701610174603
-40.56445215191527,100,2145.745813,-42.0,0.0,0.0,0.0,-4.543294087986598,5.978841936071327
-49.575513970067945,100,2149.559311,-60.0,0.0,0.0,0.0,11.248729058274469,-0.8242430283424124
-15.546471423891218,100,2153.502726,8.0,0.0,0.0,0.0,-11.334976244680224,-12.211495179210994
-10.903358770627571,100,2157.404663,4.0,0.0,0.0,0.0,-7.72459121416609,-7.178767556461481
-49.39270260444003,100,2161.261289,-50.0,0.0,0.0,0.0,-8.446832053065036,9.054129448625007
-9.706968697879775,100,2165.031274,12.0,0.0,0.0,0.0,-10.782184428571252,-10.924784269308523
-20.086718799897973,100,2168.817581,-2.0,0.0,0.0,0.0,-3.68344851073613,-14.403270289161842
-11.243639737349767,100,2172.636772,12.0,0.0,0.0,0.0,-14.551133945470296,-8.692505791879471
-7.413357308378817,100,2176.402714,26.0,0.0,0.0,0.0,-17.548849059673817,-15.864508248705
-28.886597947140313,100,2180.069573,-20.0,0.0,0.0,0.0,-2.0487824893983078,-6.837815457742006
-11.87086837806719,100,2183.8805,26.0,0.0,0.0,0.0,-18.084072196784284,-19.786796181282906
-99.87495096832322,100,2187.857658,-116.0,0.0,0.0,0.0,10.827239160865714,5.297809870811067
-132.76919175739505,100,2246.156364,-164.0,0.0,0.0,0.0,20.12092391400958,11.109884328595385
-35.20701561289729,100,2249.852191,-4.0,0.0,0.0,0.0,-15.510345297157926,-15.696670315739363
-36.08021389124774,100,2253.41512,-20.0,0.0,0.0,0.0,-8.95515465971356,-7.125059231534179
-56.75914317951658,100,2257.064077,-66.0,0.0,0.0,0.0,0.45167698246991067,8.789179838013517
-15.978413690026551,100,2260.768877,6.0,0.0,0.0,0.0,-14.104576478833085,-7.873837211193466
-9.304038647870982,100,2264.689579,8.0,0.0,0.0,0.0,-8.551476721312651,-8.75256192655833
-45.972197417432525,100,2268.446851,-32.0,0.0,0.0,0.0,3.712359928731816,-17.68455734616434
-48.02426388139823,100,2272.108063,-42.0,0.0,0.0,0.0,9.873592629340147,-15.89785651073837
-26.918848920871685,100,2275.932121,-24.0,0.0,0.0,0.0,-4.693555463495857,1.7747065426241682
-22.868123760379678,100,2279.632213,4.0,0.0,0.0,0.0,-11.635609992182454,-15.232513768197224
-17.214784095190435,100,2283.610802,-4.0,0.0,0.0,0.0,-9.804413518481335,-3.4103705767090995
-93.19272571167797,100,2287.855822,-108.0,0.0,0.0,0.0,18.33412264165739,-3.526848353335358
-13.697860380148548,100,2291.965547,34.0,0.0,0.0,0.0,-20.870936956167473,-26.826923423981075
-19.015007353358843,100,2295.868335,10.0,0.0,0.0,0.0,-16.098019938772385,-12.916987414586458
-49.74471606794806,100,2299.543687,-56.0,0.0,0.0,0.0,12.593978912139798,-6.3386949800878565
-7.193292007165158,100,2303.13481,4.0,0.0,0.0,0.0,-2.7719357499639363,-8.421356257201221
-9.289078373615775,100,2306.921645,20.0,0.0,0.0,0.0,-10.75449427672899,-18.534584096886785
-17.84849244147526,100,2310.714224,28.0,0.0,0.0,0.0,-28.425574554414773,-17.422917887060485
-9.409591844391539,100,2314.403671,6.0,0.0,0.0,0.0,-7.153934399545901,-8.255657444845637
-15.990262172917266,100,2318.143398,6.0,0.0,0.0,0.0,-12.496879369389205,-9.49338280352806
-10.14518957106346,100,2354.807137,10.0,0.0,0.0,0.0,-11.75315157937001,-8.39203799169345
-47.48921076266298,100,2358.771429,-56.0,0.0,0.0,0.0,0.49506153432325717,8.015727703013766
-13.343738198822088,100,2362.638909,22.0,0.0,0.0,0.0,-18.92669247563549,-16.417045723186597
-17.267660542636857,100,2366.460137,-8.0,0.0,0.0,0.0,-3.1564363198084915,-6.111224222828365
-12.142734578776547,100,2370.425329,18.0,0.0,0.0,0.0,-24.287764653694953,-5.854969925081595
-9.753851917908364,100,2374.153171,6.0,0.0,0.0,0.0,-5.343096371494782,-10.410755546413583
-10.785729585613115,100,2377.96832,2.0,0.0,0.0,0.0,-12.640605718195166,-0.14512386741794855
-87.20493901739705,100,2381.99316,-100.0,0.0,0.0,0.0,5.634703050842565,7.160357931760383
-15.592150465199378,100,2385.968942,0.0,0.0,0.0,0.0,-8.357418608110587,-7.23473185708879
-10.000026034355965,100,2390.050256,6.0,0.0,0.0,0.0,-8.817233427640424,-7.182792606715542
-9.482419394575135,100,2394.007395,48.0,0.0,0.0,0.0,-23.890272066682396,-33.59214732789274
-46.5811160409809,100,2397.883132,-50.0,0.0,0.0,0.0,-1.5880581728451326,5.006942131864229
-10.229394613074662,100,2401.682204,22.0,0.0,0.0,0.0,-19.082036652073388,-13.147357961001275
-11.595309170851474,100,2405.4619,0.0,0.0,0.0,0.0,-6.01217901728564,-5.5831301535658335
-12.189914339469865,100,2409.156496,24.0,0.0,0.0,0.0,-15.986429760939846,-20.20348457853002
-9.036686929087871,100,2412.887157,6.0,0.0,0.0,0.0,-6.315777182980525,-8.720909746107345
-19.648575610114168,100,2416.798115,2.0,0.0,0.0,0.0,-15.0001779956904,-6.648397614423768
-30.889935271577453,100,2420.577987,-26.0,0.0,0.0,0.0,-10.501336417692674,5.611401146115216
-77.35336256487544,100,2424.450684,-96.0,0.0,0.0,0.0,13.736618071528993,4.910019363595566
-10.130435073053686,100,2428.299509,10.0,0.0,0.0,0.0,-11.962784461485837,-8.167650611567849
-43.933088716346774,100,2464.620354,-4.0,0.0,0.0,0.0,-19.140200095302426,-20.79288862104435
-22.072186811502057,100,2468.251617,0.0,0.0,0.0,0.0,-15.507029045012525,-6.565157766489531
-19.603829531323775,100,2471.967302,8.0,0.0,0.0,0.0,-12.954967975572522,-14.648861555751255
-61.06439916223587,100,2475.589732,-60.0,0.0,0.0,0.0,-4.554216774942372,3.489817612706505
-29.500164774028963,100,2478.973495,-26.0,0.0,0.0,0.0,-1.6950384214695051,-1.8051263525594596
-18.72959064415407,100,2482.292294,14.0,0.0,0.0,0.0,-23.050551628770073,-9.679039015383996
-7.998074699720153,100,2486.105689,34.0,0.0,0.0,0.0,-20.182635239688597,-21.815439460031556
-50.74988800820576,100,2489.687507,-46.0,0.0,0.0,0.0,-7.560479906580103,2.8105918983743505
-11.144752443599081,100,2493.515138,26.0,0.0,0.0,0.0,-17.84190884664989,-19.30284359694919
-19.89782648621469,100,2497.242774,8.0,0.0,0.0,0.0,-17.57210420646805,-10.325722279746639
-8.587234032409697,100,2500.656177,20.0,0.0,0.0,0.0,-14.21402419312297,-14.373209839286726
-27.47274482298873,100,2504.12224,8.0,0.0,0.0,0.0,-23.675093915087157,-11.797650907901573
-17.978110584987594,100,2507.71569,10.0,0.0,0.0,0.0,-20.064020236732794,-7.914090348254799
-8.631901837262557,100,2511.386273,4.0,0.0,0.0,0.0,-3.9362102139984723,-8.695691623264086
-13.851125100617443,100,2514.988993,10.0,0.0,0.0,0.0,-14.76747898709827,-9.083646113519173
-8.127995017340728,100,2518.52209,14.0,0.0,0.0,0.0,-13.761997623700625,-8.365997393640104
-14.117141067253538,100,2521.877262,4.0,0.0,0.0,0.0,-10.857885057142186,-7.259256010111353
-11.346818302593665,100,2525.37397,22.0,0.0,0.0,0.0,-19.264788810961875,-14.08202949163179
-14.66480437250082,100,2528.778699,10.0,0.0,0.0,0.0,-15.911558502026681,-8.753245870474139
-24.59306775514262,100,2532.30608,-10.0,0.0,0.0,0.0,-2.761426766867389,-11.831640988275232
-8.021232298956413,100,2567.871203,42.0,0.0,0.0,0.0,-29.9851556692365,-20.03607662971991
-106.74484615077424,100,2571.450469,-128.0,0.0,0.0,0.0,8.527763994432588,12.727389854793179
-10.331608686924632,100,2574.982076,6.0,0.0,0.0,0.0,-9.418217858606287,-6.913390828318344
-7.006914877809219,100,2578.58259,2.0,0.0,0.0,0.0,-3.679627021480623,-5.327287856328596
-13.020490306593942,100,2582.024466,34.0,0.0,0.0,0.0,-24.80691809192741,-22.21357221466653
-17.041125213239088,100,2585.454041,8.0,0.0,0.0,0.0,-18.032202576356465,-7.008922636882622
-34.09415631010939,100,2588.909836,-16.0,0.0,0.0,0.0,-3.4286602144817806,-14.665496095627612
-9.953976601263623,100,2592.43021,2.0,0.0,0.0,0.0,-6.895905350254849,-5.058071251008773
-10.059935263331393,100,2595.933319,20.0,0.0,0.0,0.0,-16.734792191267417,-13.325143072063977
-44.63176087121659,100,2599.372508,-44.0,0.0,0.0,0.0,-1.4912058821528793,0.8594450109362828
-26.548472807120213,100,2602.934497,-16.0,0.0,0.0,0.0,-7.267612385944936,-3.2808604211752765
-11.419160058945593,100,2606.381727,4.0,0.0,0.0,0.0,-3.95275930779288,-11.466400751152714
-35.45573164175082,100,2609.859396,-36.0,0.0,0.0,0.0,5.598162099124136,-5.0538937408749565
-17.552851920378565,100,2613.243281,14.0,0.0,0.0,0.0,-8.513267128344305,-23.03958479203426
-11.672076587957411,100,2616.58945,4.0,0.0,0.0,0.0,-5.736298035583083,-9.935778552374328
-16.739757367406195,100,2620.139138,-2.0,0.0,0.0,0.0,-6.8325602739919375,-7.907197093414258
-10.399792844797336,100,2623.541456,0.0,0.0,0.0,0.0,-5.47449488103483,-4.925297963762506
-8.90172724633091,100,2627.030498,32.0,0.0,0.0,0.0,-14.284877783412362,-26.616849462918548
-38.206885225307786,100,2630.426749,-24.0,0.0,0.0,0.0,-1.9579647186511375,-12.248920506656649
-10.852636834912447,100,2633.815432,20.0,0.0,0.0,0.0,-16.272471829704717,-14.58016500520773
-85.53100266241832,100,2668.418371,-96.0,0.0,0.0,0.0,5.2191144525826525,5.249882884999019
-17.13868234275001,100,2672.253165,20.0,0.0,0.0,0.0,-17.92767816537131,-19.211004177378697
-8.772781820106115,100,2676.067003,34.0,0.0,0.0,0.0,-24.456713355161213,-18.3160684649449
-33.7195563351828,100,2679.454621,-28.0,0.0,0.0,0.0,-2.5506712450408346,-3.1688850901419685
-18.676430163352222,100,2683.015328,14.0,0.0,0.0,0.0,-11.400107183398797,-21.276322979953424
-12.536219042910641,100,2686.528437,20.0,0.0,0.0,0.0,-14.971428175682629,-17.564790867228012
-9.469525065772078,100,2690.176692,2.0,0.0,0.0,0.0,-6.32981198860685,-5.139713077165228
-10.241840275834207,100,2693.632782,0.0,0.0,0.0,0.0,-4.760715211022038,-5.481125064812168
-13.286911611822738,100,2696.987391,4.0,0.0,0.0,0.0,-10.987286601155109,-6.299625010667629
-9.21086323048681,100,2700.459331,28.0,0.0,0.0,0.0,-26.402649510506816,-10.808213719979994
-9.588785066094417,100,2703.818296,10.0,0.0,0.0,0.0,-8.841995542867469,-10.746789523226948
-12.445476142885651,100,2707.142621,12.0,0.0,0.0,0.0,-9.30282116481481,-15.14265497807084
-19.14140732270673,100,2710.391359,2.0,0.0,0.0,0.0,-8.03976422941394,-13.10164309329279
-21.680631321233005,100,2713.822719,26.0,0.0,0.0,0.0,-13.568276606090965,-34.11235471514204
-8.252090514055208,100,2717.208034,14.0,0.0,0.0,0.0,-11.997969784595439,-10.25412072945977
-14.781853136676757,100,2720.841178,6.0,0.0,0.0,0.0,-9.857465668957596,-10.92438746771916
-10.937438074877106,100,2724.327089,24.0,0.0,0.0,0.0,-14.945510979185864,-19.991927095691242
-16.110448371036057,100,2727.661434,14.0,0.0,0.0,0.0,-15.441576270696753,-14.668872100339303
-5.675736207820282,100,2731.198923,28.0,0.0,0.0,0.0,-16.108283255785906,-17.567452952034376
-8.595867300295158,100,2734.583123,10.0,0.0,0.0,0.0,-9.657563235513551,-8.938304064781606
-9.700756306346673,100,2768.056682,18.0,0.0,0.0,0.0,-21.36563888253222,-6.335117423814451
-127.30897050814778,100,2771.400985,-136.0,0.0,0.0,0.0,-2.9863322362214593,11.67736172807369
-35.41825903467444,100,2774.8262,-34.0,0.0,0.0,0.0,5.633205549281611,-7.051464583956055
-11.762112144313832,100,2778.696885,-4.0,0.0,0.0,0.0,-7.128662746825136,-0.6334493974886966
-12.543230410897618,100,2782.280773,-2.0,0.0,0.0,0.0,-1.0962291114540268,-9.447001299443592
-8.04982839423825,100,2785.693892,12.0,0.0,0.0,0.0,-14.532050120351435,-5.517778273886816
-11.710399485774484,100,2789.291596,24.0,0.0,0.0,0.0,-31.975875836604068,-3.7345236491704172
-21.784020480989255,100,2792.848678,8.0,0.0,0.0,0.0,-2.0975235218102894,-27.686496959178967
-12.92641314686446,100,2796.302777,28.0,0.0,0.0,0.0,-28.417870333735014,-12.508542813129447
-10.817706971764622,100,2799.711318,2.0,0.0,0.0,0.0,-8.069585274157857,-4.748121697606764
-11.496349520654302,100,2803.440131,10.0,0.0,0.0,0.0,-17.914774665681836,-3.5815748549724655
-10.675072756396816,100,2807.085565,20.0,0.0,0.0,0.0,-19.585142835599434,-11.089929920797381
-66.16094325108787,100,2810.954301,-52.0,0.0,0.0,0.0,-11.112270973529181,-3.0486722775586914
-12.704134034349185,100,2814.799537,4.0,0.0,0.0,0.0,-7.668144623057658,-9.035989411291528
-98.3073999517454,100,2818.431778,-96.0,0.0,0.0,0.0,-14.389553779050829,12.082153827305435
-101.68457558978328,100,2822.088111,-112.0,0.0,0.0,0.0,22.127790590819796,-11.812366180603078
-11.013474171845113,100,2825.829627,38.0,0.0,0.0,0.0,-34.06364045288316,-14.94983371896195
-12.521768158215586,100,2829.611309,30.0,0.0,0.0,0.0,-21.33965815129526,-21.182110006920325
-12.386768801489968,100,2833.499943,16.0,0.0,0.0,0.0,-9.681938305395825,-18.704830496094143
-19.27219598560904,100,2837.375828,-8.0,0.0,0.0,0.0,-8.188838609259964,-3.0833573763490776
-26.482257261035087,100,2871.27146,16.0,0.0,0.0,0.0,-27.159480535046498,-15.32277672598859
-7.532682083415134,100,2874.934369,18.0,0.0,0.0,0.0,-15.459918565261253,-10.07276351815388
-16.436807180648465,100,2878.687767,4.0,0.0,0.0,0.0,-9.608286965946947,-10.82852021470152
-26.186369564820023,100,2882.690187,-4.0,0.0,0.0,0.0,-7.52736946120613,-14.659000103613891
-12.011371998176532,100,2886.500843,8.0,0.0,0.0,0.0,-12.912452862823121,-7.098919135353411
-14.07258130727279,100,2890.167363,16.0,0.0,0.0,0.0,-11.412212251472711,-18.66036905580008
-12.737768654529031,100,2893.906365,26.0,0.0,0.0,0.0,-24.21950577346227,-14.51826288106676
-18.32191278043288,100,2897.624315,2.0,0.0,0.0,0.0,-12.70193160346843,-7.619981176964447
-14.013774050825111,100,2901.58176,12.0,0.0,0.0,0.0,-22.58804549620528,-3.4257285546198317
-15.141002582520283,100,2905.275958,-2.0,0.0,0.0,0.0,-2.007099830017517,-11.133902752502767
-11.145010860756656,100,2908.813456,20.0,0.0,0.0,0.0,-17.748030464359957,-13.3969803963967
-17.116704342802706,100,2912.325762,46.0,0.0,0.0,0.0,-43.09631647734352,-20.020387865459185
-11.050597208402689,100,2915.875809,32.0,0.0,0.0,0.0,-20.89253185165315,-22.15806535674954
-43.612918344519535,100,2919.500582,-30.0,0.0,0.0,0.0,-20.619311464593377,7.006393120073847
-62.81790111490196,100,2923.386031,-34.0,0.0,0.0,0.0,-12.012813000201703,-16.80508811470025
-8.669496817495778,100,2927.282511,2.0,0.0,0.0,0.0,-7.091804247957246,-3.577692569538532
-16.71801884617451,100,2930.913765,6.0,0.0,0.0,0.0,-12.7069091388395,-10.01110970733501
-7.203203991782852,100,2934.688187,20.0,0.0,0.0,0.0,-24.205009656700927,-2.998194335081925
-102.1180884092419,100,2938.432756,-98.0,0.0,0.0,0.0,-21.76369357917678,17.645605169934882
-12.410898410478936,100,2942.073003,14.0,0.0,0.0,0.0,-16.597482280065556,-9.81341613041338
-10.690497288511395,100,2975.456522,0.0,0.0,0.0,0.0,-4.727895400773747,-5.962601887737647
-12.27476465488873,100,2979.057178,12.0,0.0,0.0,0.0,-16.956602514088843,-7.3181621407998865
-10.412429069302245,100,2982.518132,8.0,0.0,0.0,0.0,-5.353947470465541,-13.058481598836703
-14.924492100372332,100,2986.376239,16.0,0.0,0.0,0.0,-13.589945382154346,-17.334546718217986
-14.111114174838963,100,2990.28293,30.0,0.0,0.0,0.0,-14.606643903394072,-29.50447027144489
-32.12246108950773,100,2994.064352,-22.0,0.0,0.0,0.0,-2.961792961892332,-7.1606681276153985
-18.58163159657382,100,2997.816844,14.0,0.0,0.0,0.0,-19.80814766617717,-12.773483930396653
-15.143199947661154,100,3001.582215,-10.0,0.0,0.0,0.0,-5.346610434718463,0.20341048705730916
-6.921722005450627,100,3005.23612,24.0,0.0,0.0,0.0,-21.790573112737835,-9.131148892712792
-9.715085735437505,100,3008.739019,20.0,0.0,0.0,0.0,-12.791841645127864,-16.92324409030964
-17.86351536240007,100,3012.160169,30.0,0.0,0.0,0.0,-17.299438899985592,-30.564076462414477
-7.963515415685432,100,3015.594039,10.0,0.0,0.0,0.0,-9.86207182256648,-8.101443593118953
-11.683686309917057,100,3019.011058,12.0,0.0,0.0,0.0,-15.237998097950074,-8.445688211966983
-9.448708574320245,100,3022.438373,30.0,0.0,0.0,0.0,-14.301779955127545,-25.1469286191927
-12.606543378009595,100,3025.855272,18.0,0.0,0.0,0.0,-13.2228894213743,-17.383653956635296
-10.913251497839212,100,3029.336929,14.0,0.0,0.0,0.0,-4.961542552731188,-19.951708945108024
-39.333569613983585,100,3033.160126,-40.0,0.0,0.0,0.0,7.887277268810938,-7.220846882794523
-11.483812180775367,100,3036.949958,8.0,0.0,0.0,0.0,-8.249953998464818,-11.233858182310549
-7.908420946526771,100,3040.581098,14.0,0.0,0.0,0.0,-11.265916638601166,-10.642504307925606
-13.027488472131543,100,3044.194819,2.0,0.0,0.0,0.0,-3.6755471559957376,-11.351941316135806
-10.630953946122885,100,3077.503922,6.0,0.0,0.0,0.0,-10.558107409674085,-6.0728465364488
-21.924229213045265,100,3080.994314,-2.0,0.0,0.0,0.0,-15.815298699769693,-4.108930513275574
-8.36964531732213,100,3084.472392,20.0,0.0,0.0,0.0,-10.327473191265666,-18.042172126056464
-22.365049502080318,100,3087.935237,-18.0,0.0,0.0,0.0,-4.438520878577332,0.07347137649701392
-88.31324208244745,100,3091.410564,-72.0,0.0,0.0,0.0,0.052194596177687416,-16.365436678625134
-45.34760747642655,100,3094.876914,-50.0,0.0,0.0,0.0,-5.190231434366181,9.84262395793963
-7.898743083565201,100,3098.511483,34.0,0.0,0.0,0.0,-16.40668238553471,-25.49206069803049
-10.63470722813839,100,3102.228361,4.0,0.0,0.0,0.0,-5.629609811770489,-9.005097416367901
-13.025164026904541,100,3105.679574,0.0,0.0,0.0,0.0,-7.675545242302423,-5.349618784602118
-18.93055726900173,100,3109.254759,16.0,0.0,0.0,0.0,-9.531804236426472,-25.39875303257526
-9.896750734175171,100,3112.861174,14.0,0.0,0.0,0.0,-15.71704075430524,-8.179709979869932
-43.68179291338116,100,3116.287634,-32.0,0.0,0.0,0.0,-6.117965869798498,-5.563827043582659
-61.827468195366855,100,3120.023297,-48.0,0.0,0.0,0.0,9.25614588513678,-23.083614080503637
-23.7723739920541,100,3123.555488,4.0,0.0,0.0,0.0,-15.847701410942241,-11.92467258111186
-12.73712151875107,100,3127.055848,4.0,0.0,0.0,0.0,-6.949774885376014,-9.787346633375057
-11.477327754201777,100,3130.596264,2.0,0.0,0.0,0.0,-7.8538047766588575,-5.623522977542919
-12.868970891816181,100,3134.249817,16.0,0.0,0.0,0.0,-23.090484219520555,-5.778486672295626
-58.37285673933498,100,3137.826586,-30.0,0.0,0.0,0.0,-15.04308726065419,-13.329769478680786
-11.626314774879683,100,3141.438707,12.0,0.0,0.0,0.0,-13.782754823571224,-9.843559951308459
-10.747607800673244,100,3145.285045,24.0,0.0,0.0,0.0,-19.16829549405654,-15.579312306616703
-11.0870091321008,100,3179.084478,38.0,0.0,0.0,0.0,-32.26741087953606,-16.81959825256474
-15.679743073450664,100,3182.752902,14.0,0.0,0.0,0.0,-10.161949273765215,-19.51779379968545
-9.387411626785982,100,3186.374727,8.0,0.0,0.0,0.0,-11.463970155223226,-5.9234414715627555
-15.980902199889236,100,3190.023589,14.0,0.0,0.0,0.0,-11.075884779994816,-18.90501741989442
-23.388151341974726,100,3193.685487,-6.0,0.0,0.0,0.0,-9.54160486336142,-7.846546478613306
-10.4647332812304,100,3197.638389,10.0,0.0,0.0,0.0,-9.92933974429318,-10.53539353693722
-8.662464006728683,100,3201.368549,32.0,0.0,0.0,0.0,-25.783147311445504,-14.87931669528318
-15.965115696921387,100,3204.880965,32.0,0.0,0.0,0.0,-29.270369664396156,-18.69474603252523
-22.003433608723913,100,3208.222705,8.0,0.0,0.0,0.0,-21.95277173423427,-8.050661874489645
-27.130335257745564,100,3211.967491,-18.0,0.0,0.0,0.0,-2.3884907692767707,-6.741844488468791
-32.624018217290576,100,3215.773165,-10.0,0.0,0.0,0.0,5.089405358943339,-27.713423576233915
-40.84809171288605,100,3219.224669,-8.0,0.0,0.0,0.0,-26.48383378833335,-6.3642579245527005
-144.85634965554416,100,3222.695678,-168.0,0.0,0.0,0.0,7.702005499392171,15.441644845063676
-22.604266171257553,100,3226.19378,14.0,0.0,0.0,0.0,-18.772618811188448,-17.831647360069105
-10.142510154441993,100,3229.639557,14.0,0.0,0.0,0.0,-10.8509701053621,-13.291540049079893
-41.066659339934034,100,3233.202547,-10.0,0.0,0.0,0.0,-22.954218674485197,-8.112440665448837
-51.064988355107815,100,3236.833248,-60.0,0.0,0.0,0.0,1.1533579910890293,7.781653653803156
-104.99873243889728,100,3240.346352,-118.0,0.0,0.0,0.0,14.274623064263972,-1.2733555031612587
-8.642619295125536,100,3243.856422,22.0,0.0,0.0,0.0,-11.598435465145096,-19.04418382998044
-8.319889554859309,100,3247.539512,36.0,0.0,0.0,0.0,-19.228652281380366,-25.091237273478942
-8.692191954022267,100,3304.464967,26.0,0.0,0.0,0.0,-18.568442975885333,-16.123748978136934
-78.8023037854549,100,3307.916413,-62.0,0.0,0.0,0.0,-14.277557353670911,-2.5247464317839796
-32.441335656238095,100,3311.619228,-4.0,0.0,0.0,0.0,-23.708767627664088,-4.732568028574008
-8.441419757812453,100,3315.683897,12.0,0.0,0.0,0.0,-8.228944177908701,-12.212475579903751
-24.807222400334194,100,3319.559467,-12.0,0.0,0.0,0.0,-7.772033460035175,-5.035188940299019
-35.99687578081112,100,3322.985903,-20.0,0.0,0.0,0.0,-6.144878075474049,-9.85199770533708
-97.18311795567496,100,3326.821685,-102.0,0.0,0.0,0.0,3.744930598524946,1.0719514458000987
-7.367900758027881,100,3330.741273,18.0,0.0,0.0,0.0,-15.5405724474045,-9.82732831062338
-13.148572917845211,100,3334.251465,30.0,0.0,0.0,0.0,-28.176301764297243,-14.972271153547968
-10.761162262494057,100,3337.886569,10.0,0.0,0.0,0.0,-6.607845821298738,-14.153316441195319
-79.84826470966232,100,3341.854242,-62.0,0.0,0.0,0.0,-6.585054622989352,-11.263210086672967
-12.022548497681587,100,3345.875456,18.0,0.0,0.0,0.0,-18.12685527789196,-11.895693219789628
-6.907439076400932,100,3349.678391,30.0,0.0,0.0,0.0,-23.3111254770122,-13.596313599388731
-9.47827387398055,100,3353.415196,14.0,0.0,0.0,0.0,-9.53887187279819,-13.93940200118236
-88.43147237710107,100,3356.999078,-92.0,0.0,0.0,0.0,9.867421633795574,-6.2988940108966505
-8.6995143013993,100,3360.520737,0.0,0.0,0.0,0.0,-4.241870189199322,-4.457644112199978
-44.35734777054546,100,3364.228736,-28.0,0.0,0.0,0.0,-10.342642177301817,-6.0147055932436375
-6.8387809309311915,100,3367.939098,22.0,0.0,0.0,0.0,-16.501529902553123,-12.337251028378068
-83.61607977022109,100,3371.628756,-88.0,0.0,0.0,0.0,-15.270303139087694,19.654223368866603
-11.707559399125024,100,3375.38112,12.0,0.0,0.0,0.0,-17.941260669327367,-5.766298729797658
-11.93667228391325,100,3409.880329,40.0,0.0,0.0,0.0,-28.88449732176581,-23.05217496214744
-15.317075875394028,100,3413.523818,-4.0,0.0,0.0,0.0,-4.382018933271381,-6.935056942122647
-117.38089280431929,100,3417.158875,-134.0,0.0,0.0,0.0,12.580533028657925,4.038574167022792
-29.14944533117231,100,3420.745425,4.0,0.0,0.0,0.0,-5.215090580311443,-27.934354750860866
-14.213958454088557,100,3424.47944,14.0,0.0,0.0,0.0,-16.184751223482053,-12.029207230606504
-20.17530732895447,100,3428.293502,24.0,0.0,0.0,0.0,-23.926047362471383,-20.249259966483088
-8.39694983031446,100,3432.039993,16.0,0.0,0.0,0.0,-12.464997913383254,-11.931951916931206
-11.858371527347451,100,3435.630053,-2.0,0.0,0.0,0.0,-4.885641720961179,-4.972729806386272
-10.79583421105728,100,3439.317763,22.0,0.0,0.0,0.0,-18.993462290977625,-13.802371920079654
-74.02743749632056,100,3443.299572,-74.0,0.0,0.0,0.0,-15.650802648323861,15.623365152003307
-6.515170568036751,100,3447.249957,16.0,0.0,0.0,0.0,-5.121853462051374,-17.39331710598538
-14.640860950454783,100,3450.899825,0.0,0.0,0.0,0.0,-7.807758295254706,-6.833102655200077
-14.050861120783225,100,3454.527767,2.0,0.0,0.0,0.0,-7.314482130600793,-8.736378990182432
-15.65645969516795,100,3458.228215,32.0,0.0,0.0,0.0,-29.73103054870712,-17.92542914646083
-8.639066513676799,100,3461.909607,8.0,0.0,0.0,0.0,-8.971024254295495,-7.668042259381304
-50.12647925902925,100,3465.655856,-16.0,0.0,0.0,0.0,-23.880807294773696,-10.245671964255557
-15.054025149883362,100,3469.294602,0.0,0.0,0.0,0.0,-4.01051078372032,-11.043514366163041
-9.29374370218298,100,3473.019602,16.0,0.0,0.0,0.0,-10.96225173421437,-14.33149196796861
-9.123293471727205,100,3476.733431,32.0,0.0,0.0,0.0,-17.71842621771818,-23.404867254009027
-9.662272870953338,100,3480.416938,12.0,0.0,0.0,0.0,-9.029235164767327,-12.63303770618601
-23.178197424145697,100,3514.318196,14.0,0.0,0.0,0.0,-19.06374580840375,-18.11445161574195
-69.79401534846875,100,3518.101735,-50.0,0.0,0.0,0.0,4.219642246368234,-24.013657594836985
-7.192303477107908,100,3521.88127,14.0,0.0,0.0,0.0,-5.51020229718114,-15.682101179926768
-35.24068090103666,100,3525.510683,10.0,0.0,0.0,0.0,-24.341680140264703,-20.89900076077196
-121.18818070013452,100,3529.131002,-126.0,0.0,0.0,0.0,2.2652882524377085,2.546531047427769
-16.41467358106961,100,3533.019691,12.0,0.0,0.0,0.0,-25.530115917321634,-2.884557663747978
-9.204685861493095,100,3536.903959,2.0,0.0,0.0,0.0,-4.383688907167708,-6.820996954325387
-41.03969647866541,100,3540.666712,-16.0,0.0,0.0,0.0,-13.508321548794214,-11.531374929871196
-8.538094341684944,100,3544.472664,16.0,0.0,0.0,0.0,-8.7077342392679,-15.830360102417044
-13.499715579800803,100,3548.156269,24.0,0.0,0.0,0.0,-18.20056614022526,-19.299149439575544
-28.5666675478995,100,3551.627731,0.0,0.0,0.0,0.0,-12.555751690636662,-16.010915857262837
-11.828531145628515,100,3555.183784,0.0,0.0,0.0,0.0,-6.245947320009912,-5.582583825618603
-93.38440017826625,100,3558.679305,-88.0,0.0,0.0,0.0,-29.733090539826733,24.348690361560493
-12.97323194269439,100,3562.230015,56.0,0.0,0.0,0.0,-22.516670707588574,-46.456561235105816
-15.55250030720201,100,3565.922898,22.0,0.0,0.0,0.0,-26.549470262964658,-11.003030044237352
-5.822388381177824,100,3569.623025,2.0,0.0,0.0,0.0,-5.16275166929301,-2.659636711884813
-12.524399789922509,100,3573.238563,36.0,0.0,0.0,0.0,-23.94868808234063,-24.575711707581878
-11.346292765607647,100,3576.867357,22.0,0.0,0.0,0.0,-17.686123701978687,-15.66016906362896
-14.122357070255848,100,3580.480926,6.0,0.0,0.0,0.0,-13.711031385834492,-6.411325684421357
-9.209346437679711,100,3583.966027,16.0,0.0,0.0,0.0,-12.775273512811234,-12.434072924868477
-18.698297076522405,100,3617.520355,0.0,0.0,0.0,0.0,-9.566837340935528,-9.131459735586876
-17.356521873083125,100,3621.323344,34.0,0.0,0.0,0.0,-29.80662793521444,-21.549893937868685
-10.824426416147384,100,3624.948562,2.0,0.0,0.0,0.0,-7.3480809488113925,-5.4763454673359915
-21.57106810659436,100,3628.627219,34.0,0.0,0.0,0.0,-39.59161600814818,-15.979452098446181
-12.387864079293589,100,3632.27579,38.0,0.0,0.0,0.0,-16.03283346188358,-34.35503061741001
-7.458533731161477,100,3635.934576,38.0,0.0,0.0,0.0,-23.603278385110173,-21.855255346051305
-14.86541945933828,100,3639.570289,10.0,0.0,0.0,0.0,-15.796842536669976,-9.068576922668305
-7.840659548946103,100,3643.155044,34.0,0.0,0.0,0.0,-23.483689730528617,-18.356969818417486
-17.425652603022584,100,3646.684739,16.0,0.0,0.0,0.0,-19.628779638097008,-13.796872964925575
-9.23132964581442,100,3650.215949,44.0,0.0,0.0,0.0,-16.675740321920394,-36.555589323894026
-6.466508625369899,100,3653.612126,22.0,0.0,0.0,0.0,-15.260166154823454,-13.206342470546446
-8.023023020360725,100,3657.155573,34.0,0.0,0.0,0.0,-28.29168262124236,-13.731340399118366
-8.01517275206924,100,3661.004154,66.0,0.0,0.0,0.0,-29.758118537937055,-44.25705421413219
-8.227375549473223,100,3664.750773,36.0,0.0,0.0,0.0,-26.368853776137442,-17.85852177333578
-15.436942596493315,100,3668.519074,22.0,0.0,0.0,0.0,-23.49100559395547,-13.945937002537844
-12.057821270911834,100,3672.356576,38.0,0.0,0.0,0.0,-20.440245468533423,-29.61757580237841
-70.96074904918339,100,3675.915095,-30.0,0.0,0.0,0.0,-35.351419950076924,-5.609329099106471
-13.901742716813093,100,3679.575599,4.0,0.0,0.0,0.0,-9.458597089862183,-8.44314562695091
-49.18062150496644,100,3683.273305,-28.0,0.0,0.0,0.0,-12.628879350515277,-8.55174215445116
-8.334970202120598,100,3686.88891,48.0,0.0,0.0,0.0,-24.404932890355123,-31.930037311765474
-10.360908638513127,100,3721.032544,24.0,0.0,0.0,0.0,-16.860747359577445,-17.500161278935682
-7.863026268577327,100,3724.771084,18.0,0.0,0.0,0.0,-9.650704959521141,-16.212321309056186
-93.85889819929115,100,3728.472437,-92.0,0.0,0.0,0.0,6.091392060106243,-7.950290259397392
-56.980084333301164,100,3732.352724,-40.0,0.0,0.0,0.0,-6.547036129500417,-10.433048203800748
-64.55132231347474,100,3736.158031,-50.0,0.0,0.0,0.0,-7.4725531779080665,-7.078769135566677
-8.40635985670994,100,3739.811418,32.0,0.0,0.0,0.0,-22.928053292471432,-17.47830656423851
-25.499378042059654,100,3743.511003,18.0,0.0,0.0,0.0,-25.847158559432486,-17.652219482627167
-7.362704530694094,100,3747.327071,28.0,0.0,0.0,0.0,-14.321092748063249,-21.041611782630845
-10.563067659076857,100,3751.171074,10.0,0.0,0.0,0.0,-6.61144674302828,-13.951620916048578
-15.116397246821025,100,3754.833304,14.0,0.0,0.0,0.0,-12.967411997797965,-16.14898524902306
-123.55587276180185,100,3758.528395,-144.0,0.0,0.0,0.0,13.400322780593287,7.043804457604862
-15.40783867144567,100,3762.253066,2.0,0.0,0.0,0.0,-10.809021397128882,-6.598817274316789
-11.974181996627939,100,3765.957277,-2.0,0.0,0.0,0.0,-7.4009920038831005,-2.573189992744838
-9.764014954671488,100,3769.703809,22.0,0.0,0.0,0.0,-20.474745457752483,-11.289269496919005
-37.56535444583952,100,3773.46289,-36.0,0.0,0.0,0.0,7.598143610082217,-9.163498055921737
-123.21196497295642,100,3777.152509,-96.0,0.0,0.0,0.0,-21.945761135952328,-5.266203837004103
-13.894896205413824,100,3780.806474,10.0,0.0,0.0,0.0,-11.101091028539283,-12.79380517687454
-8.960029072889057,100,3784.480334,42.0,0.0,0.0,0.0,-26.512176725565762,-24.447852347323295
-9.355116460161145,100,3788.136854,4.0,0.0,0.0,0.0,-4.397489800625039,-8.957626659536107
-10.19074248834437,100,3791.882472,30.0,0.0,0.0,0.0,-23.44635365840801,-16.74438882993636
-9.270505369438233,100,3825.507409,26.0,0.0,0.0,0.0,-22.865596977411688,-12.404908392026545
-8.604696835812128,100,3829.366921,42.0,0.0,0.0,0.0,-20.461922225217794,-30.142774610594333
-8.431425426603905,100,3833.084398,46.0,0.0,0.0,0.0,-26.05034139457998,-28.381084032023924
-14.658817273145264,100,3836.968631,0.0,0.0,0.0,0.0,-8.178061756277659,-6.480755516867606
-6.476950320034824,100,3840.771212,26.0,0.0,0.0,0.0,-17.146675452768456,-15.330274867266368
-9.304271446138383,100,3844.390071,48.0,0.0,0.0,0.0,-32.825732860537705,-24.478538585600678
-9.856404209157391,100,3848.01673,20.0,0.0,0.0,0.0,-10.859272987850273,-18.997131221307118
-26.1149810212549,100,3851.678958,14.0,0.0,0.0,0.0,-26.615852693530982,-13.499128327723914
-35.78826355515892,100,3855.362466,2.0,0.0,0.0,0.0,-24.795520720492135,-12.992742834666789
-11.61705875764265,100,3859.019528,2.0,0.0,0.0,0.0,-8.2392281202084,-5.377830637434248
-10.115567009269341,100,3862.932203,66.0,0.0,0.0,0.0,-38.883706707314566,-37.231860301954775
-9.22123795585846,100,3866.711872,0.0,0.0,0.0,0.0,-4.37817303014595,-4.843064925712509
-23.705997956592725,100,3870.438384,4.0,0.0,0.0,0.0,-8.837020768036707,-18.86897718855602
-9.647581892588018,100,3874.085422,22.0,0.0,0.0,0.0,-17.7069740795583,-13.940607813029718
-6.149092173273587,100,3877.742257,42.0,0.0,0.0,0.0,-20.61558083629642,-27.533511336977167
-12.0040045403567,100,3881.461752,46.0,0.0,0.0,0.0,-35.73750917052141,-22.266495369835287
-21.041348726987803,100,3885.366614,8.0,0.0,0.0,0.0,-2.3023496578627136,-26.73899906912509
-13.439681673972355,100,3889.214663,28.0,0.0,0.0,0.0,-21.609707111287104,-19.82997456268525
-9.073838493785328,100,3892.775366,22.0,0.0,0.0,0.0,-12.999977576268485,-18.073860917516843
-34.71775839514701,100,3896.452628,2.0,0.0,0.0,0.0,-21.174168383420366,-15.543590011726645
-21.74120100694934,100,3931.956305,8.0,0.0,0.0,0.0,-9.040932458295812,-20.70026854865353
-58.895988784008985,100,3935.493081,-56.0,0.0,0.0,0.0,-4.326971890605247,1.4309831065962686
-8.994500774522084,100,3938.877611,50.0,0.0,0.0,0.0,-28.682933893113756,-30.31156688140833
-10.535679522754634,100,3942.298679,22.0,0.0,0.0,0.0,-15.443669141836029,-17.092010380918605
-9.458293245525555,100,3945.990567,20.0,0.0,0.0,0.0,-16.47829475110579,-12.979998494419766
-25.10874085278047,100,3949.395082,14.0,0.0,0.0,0.0,-18.948579285951133,-20.160161566829338
-29.516919823404976,100,3952.810743,-12.0,0.0,0.0,0.0,-7.415962262492943,-10.10095756091203
-7.892454667217692,100,3956.480578,42.0,0.0,0.0,0.0,-23.46277885545388,-26.42967581176381
-38.64699540701508,100,3959.906436,-26.0,0.0,0.0,0.0,-1.8904359011076335,-10.756559505907449
-9.906662828612115,100,3963.225028,30.0,0.0,0.0,0.0,-25.478077899593373,-14.428584929018742
-63.192337413541104,100,3966.60444,-68.0,0.0,0.0,0.0,-5.582300123922917,10.389962710381818
-11.923026318467794,100,3969.972123,28.0,0.0,0.0,0.0,-21.81960413796513,-18.103422180502665
-26.630209305880147,100,3973.416707,-8.0,0.0,0.0,0.0,-6.268752411306341,-12.361456894573806
-36.11220866958878,100,3977.054847,-24.0,0.0,0.0,0.0,-11.31110637362964,-0.8011022959591431
-9.678621731648196,100,3980.439921,0.0,0.0,0.0,0.0,-5.833748561273996,-3.844873170374199
-58.81510605182713,100,3983.927895,-50.0,0.0,0.0,0.0,8.66577512076137,-17.4808811725885
-10.00444789518069,100,3987.478369,50.0,0.0,0.0,0.0,-25.174237646586,-34.83021024859469
-12.368188650866088,100,3991.008583,8.0,0.0,0.0,0.0,-12.829248760904008,-7.538939889962079
-13.103607892283025,100,3994.487158,30.0,0.0,0.0,0.0,-37.584295151006344,-5.51931274127668
-38.930906926906644,100,3997.864109,4.0,0.0,0.0,0.0,-26.876066817113653,-16.054840109792995
-8.88058147435817,100,4032.594272,4.0,0.0,0.0,0.0,-9.081538543453096,-3.7990429309050744
-34.2389226270235,100,4036.275304,20.0,0.0,0.0,0.0,-25.366607444694466,-28.872315182329036
-10.924416499819664,100,4039.831148,28.0,0.0,0.0,0.0,-6.920595728464498,-32.003820771355166
-8.60944197605544,100,4043.546633,6.0,0.0,0.0,0.0,-9.30514328014219,-5.304298695913251
-8.46036560226744,100,4047.232684,32.0,0.0,0.0,0.0,-17.869563258692374,-22.590802343575067
-6.782515931119445,100,4050.78908,0.0,0.0,0.0,0.0,-3.9097143625180313,-2.872801568601413
-12.498635095913041,100,4054.384715,24.0,0.0,0.0,0.0,-17.629099234870512,-18.86953586104253
-10.485642283057327,100,4057.914145,18.0,0.0,0.0,0.0,-9.382991444548693,-19.102650838508634
-28.854144256488915,100,4061.286249,-18.0,0.0,0.0,0.0,-10.081854254788329,-0.7722900017005867
-7.930631216771118,100,4064.725025,16.0,0.0,0.0,0.0,-13.758901257530086,-10.171729959241032
-9.401364402729424,100,4068.111296,46.0,0.0,0.0,0.0,-27.236514713030893,-28.16484968969853
-9.764850658632142,100,4071.588857,64.0,0.0,0.0,0.0,-41.58662203845295,-32.17822862017919
-17.14279581682601,100,4074.929907,12.0,0.0,0.0,0.0,-20.8258302829676,-8.316965533858406
-79.12171650715659,100,4078.312184,-72.0,0.0,0.0,0.0,-6.622713110164711,-0.4990033969918779
-8.13491955797552,100,4081.801361,14.0,0.0,0.0,0.0,-8.328914994380296,-13.806004563595224
-15.395118231449542,100,4085.287574,2.0,0.0,0.0,0.0,-9.831330660917711,-7.563787570531831
-11.400344485731683,100,4088.816934,16.0,0.0,0.0,0.0,-21.677178481625237,-5.723166004106447
-49.59437458454982,100,4092.420102,-8.0,0.0,0.0,0.0,-27.78446019577438,-13.809914388775441
-12.531934899708995,100,4095.954537,26.0,0.0,0.0,0.0,-25.295937454297547,-13.235997445411448
-14.596444875747988,100,4099.442522,38.0,0.0,0.0,0.0,-28.21582059390629,-24.380624281841698
-10.628304579050297,100,4133.432433,38.0,0.0,0.0,0.0,-20.36733605100102,-28.26096852804928
-26.540616479691856,100,4136.949405,0.0,0.0,0.0,0.0,-25.360406028437858,-1.1802104512539984
-12.900861361224067,100,4140.609658,42.0,0.0,0.0,0.0,-33.740041308208504,-21.160820053015563
-10.756824312530927,100,4143.951831,16.0,0.0,0.0,0.0,-16.559644024969707,-10.19718028756122
-42.566718704090206,100,4147.321955,-12.0,0.0,0.0,0.0,-14.990842059117355,-15.575876644972848
-8.02403018574845,100,4150.731705,20.0,0.0,0.0,0.0,-20.071058327341984,-7.952971858406466
-20.225497692890798,100,4154.171243,-4.0,0.0,0.0,0.0,-9.535346896260803,-6.690150796629997
-52.60912632349364,100,4157.604896,-42.0,0.0,0.0,0.0,-2.714608196155914,-7.894518127337724
-10.610284434181798,100,4161.077913,16.0,0.0,0.0,0.0,-17.523297822981654,-9.086986611200144
-20.779786289381633,100,4164.573461,-8.0,0.0,0.0,0.0,-11.179587233883382,-1.6001990554982515
-9.335668690482596,100,4168.090638,20.0,0.0,0.0,0.0,-23.049615955516263,-6.286052734966332
-7.374189177367967,100,4171.862988,64.0,0.0,0.0,0.0,-38.10448387474608,-33.26970530262189
-13.07312578795866,100,4175.269943,16.0,0.0,0.0,0.0,-18.83695358885078,-10.23617219910788
-9.712444576531913,100,4178.831585,16.0,0.0,0.0,0.0,-13.518524955418624,-12.19391962111329
-17.930725764108786,100,4182.439512,-10.0,0.0,0.0,0.0,-2.9729618666901327,-4.957763897418651
-8.719473175317445,100,4186.002779,14.0,0.0,0.0,0.0,-20.68867203688265,-2.030801138434794
-8.154205158813538,100,4189.422588,16.0,0.0,0.0,0.0,-20.767331704257003,-3.3868734545565347
-148.2082417184651,100,4192.771422,-68.0,0.0,0.0,0.0,-9.672713062636609,-70.5355286558285
-12.753727743072936,100,4196.372443,4.0,0.0,0.0,0.0,-10.421307256160894,-6.332420486912043
-12.30317239552282,100,4199.893384,6.0,0.0,0.0,0.0,-12.62322977968173,-5.679942615841091
-19.269680672888455,100,4233.660665,4.0,0.0,0.0,0.0,-12.227824235119138,-11.041856437769315
-32.74082363295275,100,4236.970809,-12.0,0.0,0.0,0.0,-23.29175959394872,2.5509359609959694
-24.786896063264187,100,4240.58073,-6.0,0.0,0.0,0.0,-17.67215438158332,-1.1147416816808688
-64.6583877514665,100,4244.554959,-40.0,0.0,0.0,0.0,-18.50980143345916,-6.1485863180073395
-47.1355270409349,100,4247.990084,-40.0,0.0,0.0,0.0,-12.605582271508935,5.470055230574033
-16.37101859617633,100,4251.429971,26.0,0.0,0.0,0.0,-18.43581211368855,-23.935206482487782
-14.089841840489415,100,4255.054004,28.0,0.0,0.0,0.0,-34.287401724653705,-7.80244011583571
-21.117591599139832,100,4258.442667,48.0,0.0,0.0,0.0,-46.84113299591458,-22.276458603225255
-11.483518162657317,100,4261.819568,20.0,0.0,0.0,0.0,-12.048587469526998,-19.43493069313032
-116.35937208765074,100,4265.371095,-120.0,0.0,0.0,0.0,-3.300608456387977,6.941236368737243
-16.227058324837913,100,4268.896252,30.0,0.0,0.0,0.0,-26.599654039326406,-19.627404285511506
-11.561926295347892,100,4272.438354,26.0,0.0,0.0,0.0,-27.702495809573897,-9.859430485773995
-17.847723739513967,100,4275.85457,0.0,0.0,0.0,0.0,-8.63989903302458,-9.207824706489388
-7.167590846792809,100,4279.235677,34.0,0.0,0.0,0.0,-19.45492480053067,-21.71266604626214
-49.86559857025503,100,4282.717706,-30.0,0.0,0.0,0.0,-18.32772290453743,-1.5378756657175998
-28.864240422604656,100,4286.296174,-8.0,0.0,0.0,0.0,-14.2369223025287,-6.627318120075955
-11.964605797885593,100,4289.686655,26.0,0.0,0.0,0.0,-23.801175589627228,-14.163430208258365
-61.90431006653367,100,4292.999867,-44.0,0.0,0.0,0.0,1.2460616423563318,-19.150371708889995
-10.332949579065009,100,4296.323337,6.0,0.0,0.0,0.0,-9.2594212876794,-7.0735282913856095
-14.612992905847506,100,4299.782679,2.0,0.0,0.0,0.0,-10.65834265016681,-5.954650255680694
-6.553037599219611,100,4356.32111,32.0,0.0,0.0,0.0,-22.007031941435613,-16.546005657783997
-26.698960082287194,100,4359.767649,64.0,0.0,0.0,0.0,-41.034319760979386,-49.66464032130781
-7.712290712393052,100,4363.417501,32.0,0.0,0.0,0.0,-16.523054229365684,-23.18923648302737
-9.022032160613742,100,4366.893592,18.0,0.0,0.0,0.0,-8.488396125767723,-18.53363603484602
-15.033876270218645,100,4370.260734,30.0,0.0,0.0,0.0,-18.06985232554889,-26.964023944669755
-11.778192701905613,100,4373.771225,4.0,0.0,0.0,0.0,-12.841324523768721,-2.936868178136893
-11.890693578584173,100,4377.223803,50.0,0.0,0.0,0.0,-27.708294319827825,-34.18239925875635
-24.787712821781096,100,4380.755462,10.0,0.0,0.0,0.0,-27.61644931389986,-7.1712635078812355
-10.529181027935131,100,4384.329448,38.0,0.0,0.0,0.0,-25.409882069327598,-23.119298958607533
-44.338270625480924,100,4387.820141,-30.0,0.0,0.0,0.0,-6.648922422206587,-7.689348203274337
-13.316210689479345,100,4391.952181,46.0,0.0,0.0,0.0,-45.02098377761757,-14.295226911861771
-44.88209893344717,100,4395.722675,-12.0,0.0,0.0,0.0,-4.75240716677713,-28.12969176667004
-13.277672986855723,100,4399.247331,30.0,0.0,0.0,0.0,-36.005834930295244,-7.271838056560479
-10.950631334975268,100,4403.040374,32.0,0.0,0.0,0.0,-28.617546729141857,-14.333084605833411
-12.738905733839056,100,4406.670983,8.0,0.0,0.0,0.0,-15.972776583252887,-4.766129150586169
-106.18768076203904,100,4410.22881,-104.0,0.0,0.0,0.0,10.536855337757654,-12.724536099796694
-38.73085386867326,100,4413.767121,16.0,0.0,0.0,0.0,-26.159314181240962,-28.571539687432296
-12.340243372344759,100,4417.213135,16.0,0.0,0.0,0.0,-20.984101500368393,-7.356141871976365
-9.049142916267426,100,4420.740619,28.0,0.0,0.0,0.0,-24.990802872985995,-12.058340043281431
-16.933147464781996,100,4424.247268,16.0,0.0,0.0,0.0,-17.672921048911576,-15.260226415870422
-9.734447845580497,100,4459.233098,26.0,0.0,0.0,0.0,-24.51316452443094,-11.221283321149556
-12.296786575150552,100,4463.127219,48.0,0.0,0.0,0.0,-27.408891312177023,-32.88789526297353
-8.196737345917775,100,4466.680659,36.0,0.0,0.0,0.0,-20.48737096983278,-23.709366376084994
-11.37425918435841,100,4470.185979,22.0,0.0,0.0,0.0,-20.431408582844682,-12.942850601513728
-26.98373707488747,100,4473.707442,20.0,0.0,0.0,0.0,-27.084305773357393,-19.899431301530075
-20.816062776999736,100,4477.327446,-10.0,0.0,0.0,0.0,-1.067391961580227,-9.748670815419509
-79.07066711486165,100,4480.93875,-74.0,0.0,0.0,0.0,-6.186772392313327,1.1161052774516809
-38.1877757797923,100,4484.59189,0.0,0.0,0.0,0.0,-27.286665629311926,-10.901110150480369
-11.618690999979918,100,4488.439403,26.0,0.0,0.0,0.0,-24.895716724840767,-12.722974275139151
-44.260368637136324,100,4491.827021,-42.0,0.0,0.0,0.0,-4.1929207987486805,1.9325521616123564
-12.844192259867958,100,4495.399502,12.0,0.0,0.0,0.0,-14.772754457572189,-10.071437802295769
-47.55543624265687,100,4499.055632,-54.0,0.0,0.0,0.0,-2.4931601002526382,8.937723857595772
-14.652607071035064,100,4502.566272,14.0,0.0,0.0,0.0,-0.25963291001560096,-28.392974161019463
-67.17077448286086,100,4505.963285,-44.0,0.0,0.0,0.0,-24.387625662803384,1.2168511799425294
-56.96546108153986,100,4509.359741,4.0,0.0,0.0,0.0,-29.362085906176667,-31.60337517536319
-50.46300855443671,100,4512.778028,-20.0,0.0,0.0,0.0,-13.608338653706099,-16.854669900730617
-11.296337527849303,100,4516.080923,30.0,0.0,0.0,0.0,-16.690082291797463,-24.60625523605184
-31.664266621237132,100,4519.519027,14.0,0.0,0.0,0.0,-20.308910353948598,-25.355356267288535
-32.238002229763964,100,4522.943448,32.0,0.0,0.0,0.0,-53.626295674977015,-10.611706554786952
-11.908998772460087,100,4526.389159,6.0,0.0,0.0,0.0,-5.336333623997415,-12.572665148462672
-45.868744994591395,100,4561.597361,-10.0,0.0,0.0,0.0,-27.550154232034714,-8.318590762556681
-6.802238946525501,100,4565.023559,18.0,0.0,0.0,0.0,-17.656305306726473,-7.145933639799027
-7.541748152204537,100,4568.301629,52.0,0.0,0.0,0.0,-33.72209076353771,-25.81965738866683
-27.724012975413412,100,4571.669688,42.0,0.0,0.0,0.0,-27.77173693182596,-41.95227604358745
-116.00523095364747,100,4575.235505,-108.0,0.0,0.0,0.0,-31.148976418222556,23.14374546457509
-18.921128840234267,100,4578.946682,12.0,0.0,0.0,0.0,-24.793051940402673,-6.128076899831595
-8.706876808600635,100,4582.265792,12.0,0.0,0.0,0.0,-10.36869400242633,-10.338182806174304
-13.709032117267993,100,4585.980551,18.0,0.0,0.0,0.0,-19.055119506666706,-12.653912610601287
-32.632210841864975,100,4589.41615,14.0,0.0,0.0,0.0,-13.62646040752157,-33.005750434343405
-9.864698164710344,100,4592.879915,32.0,0.0,0.0,0.0,-18.499658247280816,-23.365039917429527
-9.460832565642544,100,4596.425483,10.0,0.0,0.0,0.0,-6.888154065868543,-12.572678499774002
-32.61009179461547,100,4599.968084,32.0,0.0,0.0,0.0,-38.04686428442061,-26.563227510194864
-19.306479793905275,100,4603.509687,6.0,0.0,0.0,0.0,-13.744425795066045,-11.56205399883923
-28.17013799575664,100,4606.966313,-8.0,0.0,0.0,0.0,-10.528970175085329,-9.641167820671315
-26.226577369413125,100,4610.277209,-12.0,0.0,0.0,0.0,-8.83044957449303,-5.396127794920093
-8.31371906057872,100,4613.798114,12.0,0.0,0.0,0.0,-16.499073910329404,-3.8146451502493166
-15.324996564783053,100,4617.411937,22.0,0.0,0.0,0.0,-17.590447117148816,-19.734549447634237
-11.302790455093469,100,4620.86178,30.0,0.0,0.0,0.0,-16.435762940609273,-24.867027514484196
-19.389280544637955,100,4624.162302,24.0,0.0,0.0,0.0,-15.024719906977403,-28.364560637660553
-12.858381312555593,100,4627.513458,16.0,0.0,0.0,0.0,-22.907657882225042,-5.950723430330552
-16.80935102671073,100,4663.57933,8.0,0.0,0.0,0.0,-9.56148993781106,-15.24786108889967
-20.703628593801415,100,4667.146273,12.0,0.0,0.0,0.0,-22.273249993029445,-10.43037860077197
-7.9184925347824535,100,4670.623281,26.0,0.0,0.0,0.0,-25.38613787591581,-8.532354658866643
-11.125673754384334,100,4674.077309,30.0,0.0,0.0,0.0,-15.594526180195665,-25.53114757418867
-82.58472694914488,100,4677.547065,-78.0,0.0,0.0,0.0,9.81336847404738,-14.398095423192258
-15.134114708705845,100,4681.06162,58.0,0.0,0.0,0.0,-42.873268680197846,-30.260846028508
-7.493600654749207,100,4684.678908,46.0,0.0,0.0,0.0,-38.312137036749185,-15.181463618000022
-12.439269677734892,100,4688.213495,32.0,0.0,0.0,0.0,-25.266036025423972,-19.17323365231092
-14.987153621090656,100,4691.757623,4.0,0.0,0.0,0.0,-12.157952656753551,-6.829200964337105
-15.697716007509369,100,4695.411173,8.0,0.0,0.0,0.0,-11.913786538442928,-11.783929469066441
-88.62309975821341,100,4698.957342,-86.0,0.0,0.0,0.0,-9.943785428724905,7.320685670511498
-10.265527897282889,100,4702.48639,32.0,0.0,0.0,0.0,-39.302311276633674,-2.9632166206492143
-27.957869089665884,100,4705.897763,44.0,0.0,0.0,0.0,-39.02680803530675,-32.931061054359134
-28.5799429715919,100,4709.333089,-12.0,0.0,0.0,0.0,-3.8878789618042124,-12.69206400978769
-12.765800920559254,100,4713.087573,20.0,0.0,0.0,0.0,-16.094218545018084,-16.67158237554117
-8.10589726030172,100,4716.867357,38.0,0.0,0.0,0.0,-30.182947348005705,-15.922949912296016
-11.263678605778995,100,4720.272055,26.0,0.0,0.0,0.0,-21.946315370642534,-15.317363235136462
-11.466459033826965,100,4723.869813,58.0,0.0,0.0,0.0,-49.70269958128575,-19.763759452541215
-27.41022739376708,100,4727.477984,-8.0,0.0,0.0,0.0,-10.944500440348344,-8.46572695341874
-9.073104053128105,100,4730.848933,52.0,0.0,0.0,0.0,-40.41352455118866,-20.659579501939447
-6.499658743251979,100,4767.197707,20.0,0.0,0.0,0.0,-21.896619061734302,-4.603039681517677
-33.636953982266945,100,4770.702686,4.0,0.0,0.0,0.0,-23.144201059883414,-14.492752922383527
-47.19601080093484,100,4774.003927,4.0,0.0,0.0,0.0,-33.74143625378433,-17.45457454715051
-24.133972478132506,100,4777.722557,10.0,0.0,0.0,0.0,-27.617283372752542,-6.516689105379962
-27.44912216262489,100,4781.475955,46.0,0.0,0.0,0.0,-36.31505759593548,-37.13406456668941
-38.92306235440407,100,4785.28204,0.0,0.0,0.0,0.0,-18.71745701110162,-20.20560534330245
-80.85944094658218,100,4789.215433,-56.0,0.0,0.0,0.0,-20.220942146272893,-4.638498800309298
-18.246090489056655,100,4792.872798,22.0,0.0,0.0,0.0,-25.20238709106164,-15.043703397995012
-9.533464574796593,100,4796.760666,14.0,0.0,0.0,0.0,-15.64577258585519,-7.887691988941403
-82.44877353120486,100,4800.412259,-74.0,0.0,0.0,0.0,-7.522904870513699,-0.9258686606911654
-27.413882113756358,100,4804.37981,4.0,0.0,0.0,0.0,-13.387290098272375,-18.026592015483985
-8.604114353567793,100,4808.086605,6.0,0.0,0.0,0.0,-10.898430660544692,-3.7056836930231007
-123.18932935485361,100,4811.928971,-92.0,0.0,0.0,0.0,-16.56307944511531,-14.626249909738307
-46.4628101439153,100,4815.406167,4.0,0.0,0.0,0.0,-8.823521092255794,-41.6392890516595
-11.50857096535383,100,4819.159803,38.0,0.0,0.0,0.0,-24.378266905524956,-25.130304059828873
-41.165350271457626,100,4822.797261,-30.0,0.0,0.0,0.0,4.121387939732565,-15.28673821119019
-12.478818616467002,100,4826.52689,22.0,0.0,0.0,0.0,-15.817600203172944,-18.66121841329406
-16.976690938877017,100,4830.278895,14.0,0.0,0.0,0.0,-23.394176668685564,-7.582514270191452
-26.85700919187353,100,4833.973778,-6.0,0.0,0.0,0.0,-7.942418364521804,-12.914590827351725
-9.984694830936496,100,4837.475105,18.0,0.0,0.0,0.0,-12.153763844761787,-15.830930986174709
-85.28477878679402,100,4873.331774,-70.0,0.0,0.0,0.0,-0.6658321065420127,-14.618946680252012
-11.215116557633747,100,4877.21153,14.0,0.0,0.0,0.0,-14.66969038126735,-10.545426176366398
-11.462590096775465,100,4881.234165,32.0,0.0,0.0,0.0,-22.458683214806314,-21.00390688196915
-17.239304674686363,100,4885.051682,32.0,0.0,0.0,0.0,-31.845089116385008,-17.394215558301354
-11.074597867850564,100,4888.787387,18.0,0.0,0.0,0.0,-20.20136203599922,-8.873235831851343
-45.516142794439915,100,4892.273579,-24.0,0.0,0.0,0.0,-5.503821432595533,-16.01232136184438
-28.364043456940244,100,4895.553974,6.0,0.0,0.0,0.0,-26.626441849957573,-7.737601606982674
-25.975377845496755,100,4899.178105,18.0,0.0,0.0,0.0,-29.869634219955106,-14.105743625541649
-39.94150915849781,100,4902.681651,-4.0,0.0,0.0,0.0,-16.336809847068004,-19.6046993114298
-25.679550584894066,100,4906.207664,0.0,0.0,0.0,0.0,-12.967210500928065,-12.712340083966
-22.602669077454188,100,4910.006648,-2.0,0.0,0.0,0.0,-10.088185974206255,-10.514483103247935
-83.35952633330768,100,4913.604308,-66.0,0.0,0.0,0.0,-24.076459423372526,6.7169330900648445
-16.48975255704412,100,4917.084219,18.0,0.0,0.0,0.0,-11.273136951310098,-23.21661560573402
-69.33525032123619,100,4920.579093,-52.0,0.0,0.0,0.0,-5.768487599698184,-11.56676272153801
-21.318530709048865,100,4924.080487,-20.0,0.0,0.0,0.0,-2.875718380660281,1.5571876716114144
-12.0980557741655,100,4927.956559,14.0,0.0,0.0,0.0,-15.481714885891774,-10.616340888273726
-11.791814991639708,100,4931.545741,40.0,0.0,0.0,0.0,-25.577051698207484,-26.214763293432224
-55.310223928625064,100,4935.027152,-18.0,0.0,0.0,0.0,-38.35606363145287,1.0458397028278021
-6.492600835961516,100,4938.815073,10.0,0.0,0.0,0.0,-13.240113158862313,-3.252487677099204
-9.058580644473636,100,4942.374973,16.0,0.0,0.0,0.0,-4.736195622999919,-20.322385021473718
-12.041828339416,100,4978.56823,38.0,0.0,0.0,0.0,-27.855674508039048,-22.186153831376952
-18.86252056569287,100,4982.173018,6.0,0.0,0.0,0.0,-10.304555613546304,-14.557964952146566
-13.604473180664229,100,4985.771597,60.0,0.0,0.0,0.0,-32.39684900943996,-41.20762417122427
-19.082983131361587,100,4989.495537,28.0,0.0,0.0,0.0,-27.926723952604945,-19.156259178756642
-23.203477484803315,100,4993.441138,38.0,0.0,0.0,0.0,-36.267257999235596,-24.93621948556772
-8.2568696387928,100,4997.018216,12.0,0.0,0.0,0.0,-14.416158438334644,-5.8407112004581565
-109.7045313035306,100,5000.788532,-44.0,0.0,0.0,0.0,-63.26162294332197,-2.4429083602086292
-7.928616402939583,100,5004.228703,8.0,0.0,0.0,0.0,-8.357427153311054,-7.571189249628529
-11.395571680448482,100,5007.824304,6.0,0.0,0.0,0.0,-8.658554431153295,-8.737017249295187
-17.089693248595726,100,5011.682655,28.0,0.0,0.0,0.0,-22.21177151058647,-22.877921738009256
-6.829895808851372,100,5015.387137,20.0,0.0,0.0,0.0,-13.518571641787101,-13.31132416706427
-33.60736850336153,100,5018.973802,2.0,0.0,0.0,0.0,-17.049134262542065,-18.55823424081946
-16.319748317954517,100,5022.599222,32.0,0.0,0.0,0.0,-36.68689557150583,-11.632852746448687
-23.285743472167617,100,5026.073284,14.0,0.0,0.0,0.0,-28.237980466806622,-9.047763005360993
-12.078623142686617,100,5029.704364,22.0,0.0,0.0,0.0,-17.03914953384998,-17.039473608836637
-73.75857658966125,100,5033.675633,-52.0,0.0,0.0,0.0,-22.90268692427191,1.14411033461066
-87.37067248044971,100,5037.754663,-66.0,0.0,0.0,0.0,0.43212889642201335,-21.80280137687173
-23.05200977215084,100,5041.273014,48.0,0.0,0.0,0.0,-32.5580010868315,-38.494008685319336
-25.959739400815685,100,5044.663169,20.0,0.0,0.0,0.0,-15.852249486751235,-30.107489914064452
-44.108255850461994,100,5048.193465,-16.0,0.0,0.0,0.0,-15.339155606231465,-12.769100244230527
-10.156788177980246,100,5082.414372,38.0,0.0,0.0,0.0,-25.354540478528612,-22.802247699451634
-39.05402353170641,100,5085.767723,-2.0,0.0,0.0,0.0,-35.45828253336811,-1.5957409983382993
-31.62307726648548,100,5089.324077,32.0,0.0,0.0,0.0,-46.56016644740269,-17.062910819082788
-19.806544631075194,100,5092.856099,34.0,0.0,0.0,0.0,-18.094988081477215,-35.71155654959798
-10.420336551431602,100,5096.577433,30.0,0.0,0.0,0.0,-31.89483255611836,-8.525503995313242
-85.43071605740309,100,5100.777668,-90.0,0.0,0.0,0.0,-2.1373748350535093,6.706658777650411
-75.78055704251356,100,5104.767608,-56.0,0.0,0.0,0.0,-13.755976702141039,-6.0245803403725215
